-- phpMyAdmin SQL Dump
-- version 4.1.12
-- http://www.phpmyadmin.net
--
-- Servidor: 127.0.0.1
-- Tiempo de generación: 16-12-2015 a las 07:20:57
-- Versión del servidor: 5.6.16
-- Versión de PHP: 5.5.11

SET SQL_MODE = "NO_AUTO_VALUE_ON_ZERO";
SET time_zone = "+00:00";


/*!40101 SET @OLD_CHARACTER_SET_CLIENT=@@CHARACTER_SET_CLIENT */;
/*!40101 SET @OLD_CHARACTER_SET_RESULTS=@@CHARACTER_SET_RESULTS */;
/*!40101 SET @OLD_COLLATION_CONNECTION=@@COLLATION_CONNECTION */;
/*!40101 SET NAMES utf8 */;

--
-- Base de datos: `shph`
--

-- --------------------------------------------------------

--
-- Estructura de tabla para la tabla `shph_aliado`
--

CREATE TABLE IF NOT EXISTS `shph_aliado` (
  `id` int(10) unsigned NOT NULL AUTO_INCREMENT,
  `nombre` varchar(255) COLLATE utf8_unicode_ci NOT NULL,
  `nit` varchar(255) COLLATE utf8_unicode_ci NOT NULL,
  `direccion` varchar(255) COLLATE utf8_unicode_ci NOT NULL,
  `web` varchar(255) COLLATE utf8_unicode_ci DEFAULT NULL,
  `estado` enum('activo','inactivo') COLLATE utf8_unicode_ci NOT NULL,
  `id_ciudad` int(10) unsigned NOT NULL,
  `created_at` timestamp NOT NULL DEFAULT '0000-00-00 00:00:00',
  `updated_at` timestamp NOT NULL DEFAULT '0000-00-00 00:00:00',
  PRIMARY KEY (`id`),
  KEY `aliado_id_ciudad_foreign` (`id_ciudad`)
) ENGINE=InnoDB  DEFAULT CHARSET=utf8 COLLATE=utf8_unicode_ci AUTO_INCREMENT=3 ;

--
-- Volcado de datos para la tabla `shph_aliado`
--

INSERT INTO `shph_aliado` (`id`, `nombre`, `nit`, `direccion`, `web`, `estado`, `id_ciudad`, `created_at`, `updated_at`) VALUES
(1, 'Teatro Jorge Isaacs', '123123123', '', 'www.archies.com.co', 'activo', 1075, '2015-12-10 04:49:51', '2015-12-10 04:49:51'),
(2, 'Aliado 2', '321321', '', 'www.velez.com.co', 'activo', 1075, '2015-12-10 04:52:21', '2015-12-10 04:52:21');

-- --------------------------------------------------------

--
-- Estructura de tabla para la tabla `shph_aliado_contacto`
--

CREATE TABLE IF NOT EXISTS `shph_aliado_contacto` (
  `id` int(10) unsigned NOT NULL AUTO_INCREMENT,
  `nombre` varchar(255) COLLATE utf8_unicode_ci NOT NULL,
  `email` varchar(255) COLLATE utf8_unicode_ci NOT NULL,
  `telefono` varchar(255) COLLATE utf8_unicode_ci NOT NULL,
  `id_aliado` int(10) unsigned NOT NULL,
  `created_at` timestamp NOT NULL DEFAULT '0000-00-00 00:00:00',
  `updated_at` timestamp NOT NULL DEFAULT '0000-00-00 00:00:00',
  PRIMARY KEY (`id`),
  KEY `aliado_contacto_id_aliado_foreign` (`id_aliado`)
) ENGINE=InnoDB  DEFAULT CHARSET=utf8 COLLATE=utf8_unicode_ci AUTO_INCREMENT=3 ;

--
-- Volcado de datos para la tabla `shph_aliado_contacto`
--

INSERT INTO `shph_aliado_contacto` (`id`, `nombre`, `email`, `telefono`, `id_aliado`, `created_at`, `updated_at`) VALUES
(1, 'Carlos Aguirre', 'carlos@aguila.com', '4458745', 1, '0000-00-00 00:00:00', '0000-00-00 00:00:00'),
(2, 'Carlos Aguirre', 'carlitos@aguila.com', '3220014154', 2, '0000-00-00 00:00:00', '0000-00-00 00:00:00');

-- --------------------------------------------------------

--
-- Estructura de tabla para la tabla `shph_combo`
--

CREATE TABLE IF NOT EXISTS `shph_combo` (
  `id` int(10) unsigned NOT NULL AUTO_INCREMENT,
  `nombre` varchar(255) COLLATE utf8_unicode_ci NOT NULL,
  `descripcion` text COLLATE utf8_unicode_ci NOT NULL,
  `terminos` text COLLATE utf8_unicode_ci NOT NULL,
  `precio` int(11) NOT NULL,
  `fecha_inicio` date DEFAULT NULL,
  `fecha_fin` date DEFAULT NULL,
  `hora_inicio` varchar(255) COLLATE utf8_unicode_ci DEFAULT NULL,
  `hora_fin` varchar(255) COLLATE utf8_unicode_ci DEFAULT NULL,
  `estado` enum('activo','inactivo') COLLATE utf8_unicode_ci NOT NULL,
  `created_at` timestamp NOT NULL DEFAULT '0000-00-00 00:00:00',
  `updated_at` timestamp NOT NULL DEFAULT '0000-00-00 00:00:00',
  PRIMARY KEY (`id`)
) ENGINE=InnoDB DEFAULT CHARSET=utf8 COLLATE=utf8_unicode_ci AUTO_INCREMENT=1 ;

-- --------------------------------------------------------

--
-- Estructura de tabla para la tabla `shph_combo_evento_pivot`
--

CREATE TABLE IF NOT EXISTS `shph_combo_evento_pivot` (
  `id` int(10) unsigned NOT NULL AUTO_INCREMENT,
  `id_combo` int(10) unsigned NOT NULL,
  `id_evento` int(10) unsigned NOT NULL,
  `created_at` timestamp NOT NULL DEFAULT '0000-00-00 00:00:00',
  `updated_at` timestamp NOT NULL DEFAULT '0000-00-00 00:00:00',
  PRIMARY KEY (`id`),
  KEY `combo_evento_pivot_id_combo_foreign` (`id_combo`),
  KEY `combo_evento_pivot_id_evento_foreign` (`id_evento`)
) ENGINE=InnoDB DEFAULT CHARSET=utf8 COLLATE=utf8_unicode_ci AUTO_INCREMENT=1 ;

-- --------------------------------------------------------

--
-- Estructura de tabla para la tabla `shph_contenido_video`
--

CREATE TABLE IF NOT EXISTS `shph_contenido_video` (
  `id` int(10) unsigned NOT NULL AUTO_INCREMENT,
  `identificador` varchar(255) COLLATE utf8_unicode_ci NOT NULL,
  `created_at` timestamp NOT NULL DEFAULT '0000-00-00 00:00:00',
  `updated_at` timestamp NOT NULL DEFAULT '0000-00-00 00:00:00',
  PRIMARY KEY (`id`)
) ENGINE=InnoDB  DEFAULT CHARSET=utf8 COLLATE=utf8_unicode_ci AUTO_INCREMENT=2 ;

--
-- Volcado de datos para la tabla `shph_contenido_video`
--

INSERT INTO `shph_contenido_video` (`id`, `identificador`, `created_at`, `updated_at`) VALUES
(1, 'kCc4XVQc_-Y', '0000-00-00 00:00:00', '2015-12-16 06:20:20');

-- --------------------------------------------------------

--
-- Estructura de tabla para la tabla `shph_departamento`
--

CREATE TABLE IF NOT EXISTS `shph_departamento` (
  `id` int(10) unsigned NOT NULL AUTO_INCREMENT,
  `nombre` varchar(255) COLLATE utf8_unicode_ci NOT NULL,
  `descripcion` text COLLATE utf8_unicode_ci,
  `created_at` timestamp NOT NULL DEFAULT '0000-00-00 00:00:00',
  `updated_at` timestamp NOT NULL DEFAULT '0000-00-00 00:00:00',
  PRIMARY KEY (`id`)
) ENGINE=InnoDB  DEFAULT CHARSET=utf8 COLLATE=utf8_unicode_ci AUTO_INCREMENT=33 ;

--
-- Volcado de datos para la tabla `shph_departamento`
--

INSERT INTO `shph_departamento` (`id`, `nombre`, `descripcion`, `created_at`, `updated_at`) VALUES
(1, 'Amazonas', '', '0000-00-00 00:00:00', '0000-00-00 00:00:00'),
(2, 'Antioquia', '', '0000-00-00 00:00:00', '0000-00-00 00:00:00'),
(3, 'Arauca', '', '0000-00-00 00:00:00', '0000-00-00 00:00:00'),
(4, 'Atlantico', '', '0000-00-00 00:00:00', '0000-00-00 00:00:00'),
(5, 'Bolivar', '', '0000-00-00 00:00:00', '0000-00-00 00:00:00'),
(6, 'Boyaca', '', '0000-00-00 00:00:00', '0000-00-00 00:00:00'),
(7, 'Caldas', '', '0000-00-00 00:00:00', '0000-00-00 00:00:00'),
(8, 'Caqueta', '', '0000-00-00 00:00:00', '0000-00-00 00:00:00'),
(9, 'Casanare', '', '0000-00-00 00:00:00', '0000-00-00 00:00:00'),
(10, 'Cauca', '', '0000-00-00 00:00:00', '0000-00-00 00:00:00'),
(11, 'Cesar', '', '0000-00-00 00:00:00', '0000-00-00 00:00:00'),
(12, 'Choco', '', '0000-00-00 00:00:00', '0000-00-00 00:00:00'),
(13, 'Cordoba', '', '0000-00-00 00:00:00', '0000-00-00 00:00:00'),
(14, 'Cundinamarca', '', '0000-00-00 00:00:00', '0000-00-00 00:00:00'),
(15, 'Guainia', '', '0000-00-00 00:00:00', '0000-00-00 00:00:00'),
(16, 'Guajira', '', '0000-00-00 00:00:00', '0000-00-00 00:00:00'),
(17, 'Guaviare', '', '0000-00-00 00:00:00', '0000-00-00 00:00:00'),
(18, 'Huila', '', '0000-00-00 00:00:00', '0000-00-00 00:00:00'),
(19, 'Magdalena', '', '0000-00-00 00:00:00', '0000-00-00 00:00:00'),
(20, 'Meta', '', '0000-00-00 00:00:00', '0000-00-00 00:00:00'),
(21, 'Norte Santander', '', '0000-00-00 00:00:00', '0000-00-00 00:00:00'),
(22, 'Narino', '', '0000-00-00 00:00:00', '0000-00-00 00:00:00'),
(23, 'Putumayo', '', '0000-00-00 00:00:00', '0000-00-00 00:00:00'),
(24, 'Quindio', '', '0000-00-00 00:00:00', '0000-00-00 00:00:00'),
(25, 'Risaralda', '', '0000-00-00 00:00:00', '0000-00-00 00:00:00'),
(26, 'San Andres', '', '0000-00-00 00:00:00', '0000-00-00 00:00:00'),
(27, 'Santander', '', '0000-00-00 00:00:00', '0000-00-00 00:00:00'),
(28, 'Sucre', '', '0000-00-00 00:00:00', '0000-00-00 00:00:00'),
(29, 'Tolima', '', '0000-00-00 00:00:00', '0000-00-00 00:00:00'),
(30, 'Valle Del Cauca', '', '0000-00-00 00:00:00', '0000-00-00 00:00:00'),
(31, 'Vaupes', '', '0000-00-00 00:00:00', '0000-00-00 00:00:00'),
(32, 'Vichada', '', '0000-00-00 00:00:00', '0000-00-00 00:00:00');

-- --------------------------------------------------------

--
-- Estructura de tabla para la tabla `shph_departamento_ciudad`
--

CREATE TABLE IF NOT EXISTS `shph_departamento_ciudad` (
  `id` int(10) unsigned NOT NULL AUTO_INCREMENT,
  `nombre` varchar(255) COLLATE utf8_unicode_ci NOT NULL,
  `descripcion` text COLLATE utf8_unicode_ci,
  `id_departamento` int(10) unsigned NOT NULL,
  `created_at` timestamp NOT NULL DEFAULT '0000-00-00 00:00:00',
  `updated_at` timestamp NOT NULL DEFAULT '0000-00-00 00:00:00',
  PRIMARY KEY (`id`),
  KEY `departamento_ciudad_id_departamento_foreign` (`id_departamento`)
) ENGINE=InnoDB  DEFAULT CHARSET=utf8 COLLATE=utf8_unicode_ci AUTO_INCREMENT=1118 ;

--
-- Volcado de datos para la tabla `shph_departamento_ciudad`
--

INSERT INTO `shph_departamento_ciudad` (`id`, `nombre`, `descripcion`, `id_departamento`, `created_at`, `updated_at`) VALUES
(1, 'Leticia', '', 1, '0000-00-00 00:00:00', '0000-00-00 00:00:00'),
(2, 'El Encanto', '', 1, '0000-00-00 00:00:00', '0000-00-00 00:00:00'),
(3, 'La Chorrera', '', 1, '0000-00-00 00:00:00', '0000-00-00 00:00:00'),
(4, 'La Pedrera', '', 1, '0000-00-00 00:00:00', '0000-00-00 00:00:00'),
(5, 'La Victoria', '', 1, '0000-00-00 00:00:00', '0000-00-00 00:00:00'),
(6, 'Miriti-parana', '', 1, '0000-00-00 00:00:00', '0000-00-00 00:00:00'),
(7, 'Puerto Alegria', '', 1, '0000-00-00 00:00:00', '0000-00-00 00:00:00'),
(8, 'Puerto Arica', '', 1, '0000-00-00 00:00:00', '0000-00-00 00:00:00'),
(9, 'Puerto Narino', '', 1, '0000-00-00 00:00:00', '0000-00-00 00:00:00'),
(10, 'Santander', '', 1, '0000-00-00 00:00:00', '0000-00-00 00:00:00'),
(11, 'Tarapaca', '', 1, '0000-00-00 00:00:00', '0000-00-00 00:00:00'),
(12, 'Abejorral', '', 2, '0000-00-00 00:00:00', '0000-00-00 00:00:00'),
(13, 'Abriaqui', '', 2, '0000-00-00 00:00:00', '0000-00-00 00:00:00'),
(14, 'Alejandria', '', 2, '0000-00-00 00:00:00', '0000-00-00 00:00:00'),
(15, 'Amaga', '', 2, '0000-00-00 00:00:00', '0000-00-00 00:00:00'),
(16, 'Amalfi', '', 2, '0000-00-00 00:00:00', '0000-00-00 00:00:00'),
(17, 'Andes', '', 2, '0000-00-00 00:00:00', '0000-00-00 00:00:00'),
(18, 'Angelopolis', '', 2, '0000-00-00 00:00:00', '0000-00-00 00:00:00'),
(19, 'Angostura', '', 2, '0000-00-00 00:00:00', '0000-00-00 00:00:00'),
(20, 'Anori', '', 2, '0000-00-00 00:00:00', '0000-00-00 00:00:00'),
(21, 'Anza', '', 2, '0000-00-00 00:00:00', '0000-00-00 00:00:00'),
(22, 'Apartado', '', 2, '0000-00-00 00:00:00', '0000-00-00 00:00:00'),
(23, 'Arboletes', '', 2, '0000-00-00 00:00:00', '0000-00-00 00:00:00'),
(24, 'Argelia', '', 2, '0000-00-00 00:00:00', '0000-00-00 00:00:00'),
(25, 'Armenia', '', 2, '0000-00-00 00:00:00', '0000-00-00 00:00:00'),
(26, 'Barbosa', '', 2, '0000-00-00 00:00:00', '0000-00-00 00:00:00'),
(27, 'Bello', '', 2, '0000-00-00 00:00:00', '0000-00-00 00:00:00'),
(28, 'Belmira', '', 2, '0000-00-00 00:00:00', '0000-00-00 00:00:00'),
(29, 'Betania', '', 2, '0000-00-00 00:00:00', '0000-00-00 00:00:00'),
(30, 'Betulia', '', 2, '0000-00-00 00:00:00', '0000-00-00 00:00:00'),
(31, 'Briceno', '', 2, '0000-00-00 00:00:00', '0000-00-00 00:00:00'),
(32, 'Buritica', '', 2, '0000-00-00 00:00:00', '0000-00-00 00:00:00'),
(33, 'Caceres', '', 2, '0000-00-00 00:00:00', '0000-00-00 00:00:00'),
(34, 'Caicedo', '', 2, '0000-00-00 00:00:00', '0000-00-00 00:00:00'),
(35, 'Caldas', '', 2, '0000-00-00 00:00:00', '0000-00-00 00:00:00'),
(36, 'Campamento', '', 2, '0000-00-00 00:00:00', '0000-00-00 00:00:00'),
(37, 'Canasgordas', '', 2, '0000-00-00 00:00:00', '0000-00-00 00:00:00'),
(38, 'Caracoli', '', 2, '0000-00-00 00:00:00', '0000-00-00 00:00:00'),
(39, 'Caramanta', '', 2, '0000-00-00 00:00:00', '0000-00-00 00:00:00'),
(40, 'Carepa', '', 2, '0000-00-00 00:00:00', '0000-00-00 00:00:00'),
(41, 'Carmen De Viboral', '', 2, '0000-00-00 00:00:00', '0000-00-00 00:00:00'),
(42, 'Carolina', '', 2, '0000-00-00 00:00:00', '0000-00-00 00:00:00'),
(43, 'Caucasia', '', 2, '0000-00-00 00:00:00', '0000-00-00 00:00:00'),
(44, 'Chigorodo', '', 2, '0000-00-00 00:00:00', '0000-00-00 00:00:00'),
(45, 'Cisneros', '', 2, '0000-00-00 00:00:00', '0000-00-00 00:00:00'),
(46, 'Ciudad Bolivar', '', 2, '0000-00-00 00:00:00', '0000-00-00 00:00:00'),
(47, 'Cocorna', '', 2, '0000-00-00 00:00:00', '0000-00-00 00:00:00'),
(48, 'Concepcion', '', 2, '0000-00-00 00:00:00', '0000-00-00 00:00:00'),
(49, 'Concordia', '', 2, '0000-00-00 00:00:00', '0000-00-00 00:00:00'),
(50, 'Copacabana', '', 2, '0000-00-00 00:00:00', '0000-00-00 00:00:00'),
(51, 'Dabeiba', '', 2, '0000-00-00 00:00:00', '0000-00-00 00:00:00'),
(52, 'Don Matias', '', 2, '0000-00-00 00:00:00', '0000-00-00 00:00:00'),
(53, 'Ebejico', '', 2, '0000-00-00 00:00:00', '0000-00-00 00:00:00'),
(54, 'El Bagre', '', 2, '0000-00-00 00:00:00', '0000-00-00 00:00:00'),
(55, 'Entrerrios', '', 2, '0000-00-00 00:00:00', '0000-00-00 00:00:00'),
(56, 'Envigado', '', 2, '0000-00-00 00:00:00', '0000-00-00 00:00:00'),
(57, 'Fredonia', '', 2, '0000-00-00 00:00:00', '0000-00-00 00:00:00'),
(58, 'Frontino', '', 2, '0000-00-00 00:00:00', '0000-00-00 00:00:00'),
(59, 'Giraldo', '', 2, '0000-00-00 00:00:00', '0000-00-00 00:00:00'),
(60, 'Girardota', '', 2, '0000-00-00 00:00:00', '0000-00-00 00:00:00'),
(61, 'Gomez Plata', '', 2, '0000-00-00 00:00:00', '0000-00-00 00:00:00'),
(62, 'Granada', '', 2, '0000-00-00 00:00:00', '0000-00-00 00:00:00'),
(63, 'Guadalupe', '', 2, '0000-00-00 00:00:00', '0000-00-00 00:00:00'),
(64, 'Guarne', '', 2, '0000-00-00 00:00:00', '0000-00-00 00:00:00'),
(65, 'Guatape', '', 2, '0000-00-00 00:00:00', '0000-00-00 00:00:00'),
(66, 'Heliconia', '', 2, '0000-00-00 00:00:00', '0000-00-00 00:00:00'),
(67, 'Hispania', '', 2, '0000-00-00 00:00:00', '0000-00-00 00:00:00'),
(68, 'Itag&uuml;i', '', 2, '0000-00-00 00:00:00', '0000-00-00 00:00:00'),
(69, 'Ituango', '', 2, '0000-00-00 00:00:00', '0000-00-00 00:00:00'),
(70, 'Jardin', '', 2, '0000-00-00 00:00:00', '0000-00-00 00:00:00'),
(71, 'Jerico', '', 2, '0000-00-00 00:00:00', '0000-00-00 00:00:00'),
(72, 'La Ceja', '', 2, '0000-00-00 00:00:00', '0000-00-00 00:00:00'),
(73, 'La Estrella', '', 2, '0000-00-00 00:00:00', '0000-00-00 00:00:00'),
(74, 'La Pintada', '', 2, '0000-00-00 00:00:00', '0000-00-00 00:00:00'),
(75, 'La Union', '', 2, '0000-00-00 00:00:00', '0000-00-00 00:00:00'),
(76, 'Liborina', '', 2, '0000-00-00 00:00:00', '0000-00-00 00:00:00'),
(77, 'Maceo', '', 2, '0000-00-00 00:00:00', '0000-00-00 00:00:00'),
(78, 'Marinilla', '', 2, '0000-00-00 00:00:00', '0000-00-00 00:00:00'),
(79, 'Medellin', '', 2, '0000-00-00 00:00:00', '0000-00-00 00:00:00'),
(80, 'Montebello', '', 2, '0000-00-00 00:00:00', '0000-00-00 00:00:00'),
(81, 'Murindo', '', 2, '0000-00-00 00:00:00', '0000-00-00 00:00:00'),
(82, 'Mutata', '', 2, '0000-00-00 00:00:00', '0000-00-00 00:00:00'),
(83, 'Narino', '', 2, '0000-00-00 00:00:00', '0000-00-00 00:00:00'),
(84, 'Nechi', '', 2, '0000-00-00 00:00:00', '0000-00-00 00:00:00'),
(85, 'Necocli', '', 2, '0000-00-00 00:00:00', '0000-00-00 00:00:00'),
(86, 'Olaya', '', 2, '0000-00-00 00:00:00', '0000-00-00 00:00:00'),
(87, 'Penol', '', 2, '0000-00-00 00:00:00', '0000-00-00 00:00:00'),
(88, 'Peque', '', 2, '0000-00-00 00:00:00', '0000-00-00 00:00:00'),
(89, 'Pueblorrico', '', 2, '0000-00-00 00:00:00', '0000-00-00 00:00:00'),
(90, 'Puerto Berrio', '', 2, '0000-00-00 00:00:00', '0000-00-00 00:00:00'),
(91, 'Puerto Nare', '', 2, '0000-00-00 00:00:00', '0000-00-00 00:00:00'),
(92, 'Puerto Triunfo', '', 2, '0000-00-00 00:00:00', '0000-00-00 00:00:00'),
(93, 'Remedios', '', 2, '0000-00-00 00:00:00', '0000-00-00 00:00:00'),
(94, 'Retiro', '', 2, '0000-00-00 00:00:00', '0000-00-00 00:00:00'),
(95, 'Rionegro', '', 2, '0000-00-00 00:00:00', '0000-00-00 00:00:00'),
(96, 'Sabanalarga', '', 2, '0000-00-00 00:00:00', '0000-00-00 00:00:00'),
(97, 'Sabaneta', '', 2, '0000-00-00 00:00:00', '0000-00-00 00:00:00'),
(98, 'Salgar', '', 2, '0000-00-00 00:00:00', '0000-00-00 00:00:00'),
(99, 'San Andres', '', 2, '0000-00-00 00:00:00', '0000-00-00 00:00:00'),
(100, 'San Carlos', '', 2, '0000-00-00 00:00:00', '0000-00-00 00:00:00'),
(101, 'San Francisco', '', 2, '0000-00-00 00:00:00', '0000-00-00 00:00:00'),
(102, 'San Jeronimo', '', 2, '0000-00-00 00:00:00', '0000-00-00 00:00:00'),
(103, 'San Jose De La Montana', '', 2, '0000-00-00 00:00:00', '0000-00-00 00:00:00'),
(104, 'San Juan De Uraba', '', 2, '0000-00-00 00:00:00', '0000-00-00 00:00:00'),
(105, 'San Luis', '', 2, '0000-00-00 00:00:00', '0000-00-00 00:00:00'),
(106, 'San Pedro', '', 2, '0000-00-00 00:00:00', '0000-00-00 00:00:00'),
(107, 'San Pedro De Uraba', '', 2, '0000-00-00 00:00:00', '0000-00-00 00:00:00'),
(108, 'San Rafael', '', 2, '0000-00-00 00:00:00', '0000-00-00 00:00:00'),
(109, 'San Roque', '', 2, '0000-00-00 00:00:00', '0000-00-00 00:00:00'),
(110, 'San Vicente', '', 2, '0000-00-00 00:00:00', '0000-00-00 00:00:00'),
(111, 'Santa Barbara', '', 2, '0000-00-00 00:00:00', '0000-00-00 00:00:00'),
(112, 'Santa Fe De Antioquia', '', 2, '0000-00-00 00:00:00', '0000-00-00 00:00:00'),
(113, 'Santa Rosa De Osos', '', 2, '0000-00-00 00:00:00', '0000-00-00 00:00:00'),
(114, 'Santo Domingo', '', 2, '0000-00-00 00:00:00', '0000-00-00 00:00:00'),
(115, 'Santuario', '', 2, '0000-00-00 00:00:00', '0000-00-00 00:00:00'),
(116, 'Segovia', '', 2, '0000-00-00 00:00:00', '0000-00-00 00:00:00'),
(117, 'Sonson', '', 2, '0000-00-00 00:00:00', '0000-00-00 00:00:00'),
(118, 'Sopetran', '', 2, '0000-00-00 00:00:00', '0000-00-00 00:00:00'),
(119, 'Tamesis', '', 2, '0000-00-00 00:00:00', '0000-00-00 00:00:00'),
(120, 'Taraza', '', 2, '0000-00-00 00:00:00', '0000-00-00 00:00:00'),
(121, 'Tarso', '', 2, '0000-00-00 00:00:00', '0000-00-00 00:00:00'),
(122, 'Titiribi', '', 2, '0000-00-00 00:00:00', '0000-00-00 00:00:00'),
(123, 'Toledo', '', 2, '0000-00-00 00:00:00', '0000-00-00 00:00:00'),
(124, 'Turbo', '', 2, '0000-00-00 00:00:00', '0000-00-00 00:00:00'),
(125, 'Uramita', '', 2, '0000-00-00 00:00:00', '0000-00-00 00:00:00'),
(126, 'Urrao', '', 2, '0000-00-00 00:00:00', '0000-00-00 00:00:00'),
(127, 'Valdivia', '', 2, '0000-00-00 00:00:00', '0000-00-00 00:00:00'),
(128, 'Valparaiso', '', 2, '0000-00-00 00:00:00', '0000-00-00 00:00:00'),
(129, 'Vegachi', '', 2, '0000-00-00 00:00:00', '0000-00-00 00:00:00'),
(130, 'Venecia', '', 2, '0000-00-00 00:00:00', '0000-00-00 00:00:00'),
(131, 'Vigia Del Fuerte', '', 2, '0000-00-00 00:00:00', '0000-00-00 00:00:00'),
(132, 'Yali', '', 2, '0000-00-00 00:00:00', '0000-00-00 00:00:00'),
(133, 'Yarumal', '', 2, '0000-00-00 00:00:00', '0000-00-00 00:00:00'),
(134, 'Yolombo', '', 2, '0000-00-00 00:00:00', '0000-00-00 00:00:00'),
(135, 'Yondo', '', 2, '0000-00-00 00:00:00', '0000-00-00 00:00:00'),
(136, 'Zaragoza', '', 2, '0000-00-00 00:00:00', '0000-00-00 00:00:00'),
(137, 'Arauca', '', 3, '0000-00-00 00:00:00', '0000-00-00 00:00:00'),
(138, 'Arauquita', '', 3, '0000-00-00 00:00:00', '0000-00-00 00:00:00'),
(139, 'Cravo Norte', '', 3, '0000-00-00 00:00:00', '0000-00-00 00:00:00'),
(140, 'Fortul', '', 3, '0000-00-00 00:00:00', '0000-00-00 00:00:00'),
(141, 'Puerto Rondon', '', 3, '0000-00-00 00:00:00', '0000-00-00 00:00:00'),
(142, 'Saravena', '', 3, '0000-00-00 00:00:00', '0000-00-00 00:00:00'),
(143, 'Tame', '', 3, '0000-00-00 00:00:00', '0000-00-00 00:00:00'),
(144, 'Baranoa', '', 4, '0000-00-00 00:00:00', '0000-00-00 00:00:00'),
(145, 'Barranquilla', '', 4, '0000-00-00 00:00:00', '0000-00-00 00:00:00'),
(146, 'Campo De La Cruz', '', 4, '0000-00-00 00:00:00', '0000-00-00 00:00:00'),
(147, 'Candelaria', '', 4, '0000-00-00 00:00:00', '0000-00-00 00:00:00'),
(148, 'Galapa', '', 4, '0000-00-00 00:00:00', '0000-00-00 00:00:00'),
(149, 'Juan De Acosta', '', 4, '0000-00-00 00:00:00', '0000-00-00 00:00:00'),
(150, 'Luruaco', '', 4, '0000-00-00 00:00:00', '0000-00-00 00:00:00'),
(151, 'Malambo', '', 4, '0000-00-00 00:00:00', '0000-00-00 00:00:00'),
(152, 'Manati', '', 4, '0000-00-00 00:00:00', '0000-00-00 00:00:00'),
(153, 'Palmar De Varela', '', 4, '0000-00-00 00:00:00', '0000-00-00 00:00:00'),
(154, 'Piojo', '', 4, '0000-00-00 00:00:00', '0000-00-00 00:00:00'),
(155, 'Polonuevo', '', 4, '0000-00-00 00:00:00', '0000-00-00 00:00:00'),
(156, 'Ponedera', '', 4, '0000-00-00 00:00:00', '0000-00-00 00:00:00'),
(157, 'Puerto Colombia', '', 4, '0000-00-00 00:00:00', '0000-00-00 00:00:00'),
(158, 'Repelon', '', 4, '0000-00-00 00:00:00', '0000-00-00 00:00:00'),
(159, 'Sabanagrande', '', 4, '0000-00-00 00:00:00', '0000-00-00 00:00:00'),
(160, 'Sabanalarga', '', 4, '0000-00-00 00:00:00', '0000-00-00 00:00:00'),
(161, 'Santa Lucia', '', 4, '0000-00-00 00:00:00', '0000-00-00 00:00:00'),
(162, 'Santo Tomas', '', 4, '0000-00-00 00:00:00', '0000-00-00 00:00:00'),
(163, 'Soledad', '', 4, '0000-00-00 00:00:00', '0000-00-00 00:00:00'),
(164, 'Suan', '', 4, '0000-00-00 00:00:00', '0000-00-00 00:00:00'),
(165, 'Tubara', '', 4, '0000-00-00 00:00:00', '0000-00-00 00:00:00'),
(166, 'Usiacuri', '', 4, '0000-00-00 00:00:00', '0000-00-00 00:00:00'),
(167, 'Achi', '', 5, '0000-00-00 00:00:00', '0000-00-00 00:00:00'),
(168, 'Altos Del Rosario', '', 5, '0000-00-00 00:00:00', '0000-00-00 00:00:00'),
(169, 'Arenal', '', 5, '0000-00-00 00:00:00', '0000-00-00 00:00:00'),
(170, 'Arjona', '', 5, '0000-00-00 00:00:00', '0000-00-00 00:00:00'),
(171, 'Arroyohondo', '', 5, '0000-00-00 00:00:00', '0000-00-00 00:00:00'),
(172, 'Barranco De Loba', '', 5, '0000-00-00 00:00:00', '0000-00-00 00:00:00'),
(173, 'Calamar', '', 5, '0000-00-00 00:00:00', '0000-00-00 00:00:00'),
(174, 'Cantagallo', '', 5, '0000-00-00 00:00:00', '0000-00-00 00:00:00'),
(175, 'Cartagena De Indias', '', 5, '0000-00-00 00:00:00', '0000-00-00 00:00:00'),
(176, 'Cicuco', '', 5, '0000-00-00 00:00:00', '0000-00-00 00:00:00'),
(177, 'Clemencia', '', 5, '0000-00-00 00:00:00', '0000-00-00 00:00:00'),
(178, 'Cordoba', '', 5, '0000-00-00 00:00:00', '0000-00-00 00:00:00'),
(179, 'El Carmen De Bolivar', '', 5, '0000-00-00 00:00:00', '0000-00-00 00:00:00'),
(180, 'El Guamo', '', 5, '0000-00-00 00:00:00', '0000-00-00 00:00:00'),
(181, 'El Penon', '', 5, '0000-00-00 00:00:00', '0000-00-00 00:00:00'),
(182, 'Hatillo De Loba', '', 5, '0000-00-00 00:00:00', '0000-00-00 00:00:00'),
(183, 'Magangue', '', 5, '0000-00-00 00:00:00', '0000-00-00 00:00:00'),
(184, 'Mahates', '', 5, '0000-00-00 00:00:00', '0000-00-00 00:00:00'),
(185, 'Margarita', '', 5, '0000-00-00 00:00:00', '0000-00-00 00:00:00'),
(186, 'Maria La Baja', '', 5, '0000-00-00 00:00:00', '0000-00-00 00:00:00'),
(187, 'Mompos', '', 5, '0000-00-00 00:00:00', '0000-00-00 00:00:00'),
(188, 'Montecristo', '', 5, '0000-00-00 00:00:00', '0000-00-00 00:00:00'),
(189, 'Morales', '', 5, '0000-00-00 00:00:00', '0000-00-00 00:00:00'),
(190, 'Pinillos', '', 5, '0000-00-00 00:00:00', '0000-00-00 00:00:00'),
(191, 'Regidor', '', 5, '0000-00-00 00:00:00', '0000-00-00 00:00:00'),
(192, 'Rioviejo', '', 5, '0000-00-00 00:00:00', '0000-00-00 00:00:00'),
(193, 'San Cristobal', '', 5, '0000-00-00 00:00:00', '0000-00-00 00:00:00'),
(194, 'San Estanislao', '', 5, '0000-00-00 00:00:00', '0000-00-00 00:00:00'),
(195, 'San Fernando', '', 5, '0000-00-00 00:00:00', '0000-00-00 00:00:00'),
(196, 'San Jacinto', '', 5, '0000-00-00 00:00:00', '0000-00-00 00:00:00'),
(197, 'San Jacinto Del Cauca', '', 5, '0000-00-00 00:00:00', '0000-00-00 00:00:00'),
(198, 'San Juan Nepomuceno', '', 5, '0000-00-00 00:00:00', '0000-00-00 00:00:00'),
(199, 'San Martin De Loba', '', 5, '0000-00-00 00:00:00', '0000-00-00 00:00:00'),
(200, 'San Pablo', '', 5, '0000-00-00 00:00:00', '0000-00-00 00:00:00'),
(201, 'Santa Catalina', '', 5, '0000-00-00 00:00:00', '0000-00-00 00:00:00'),
(202, 'Santa Rosa', '', 5, '0000-00-00 00:00:00', '0000-00-00 00:00:00'),
(203, 'Santa Rosa Del Sur', '', 5, '0000-00-00 00:00:00', '0000-00-00 00:00:00'),
(204, 'Simiti', '', 5, '0000-00-00 00:00:00', '0000-00-00 00:00:00'),
(205, 'Soplaviento', '', 5, '0000-00-00 00:00:00', '0000-00-00 00:00:00'),
(206, 'Talaigua Nuevo', '', 5, '0000-00-00 00:00:00', '0000-00-00 00:00:00'),
(207, 'Tiquisio', '', 5, '0000-00-00 00:00:00', '0000-00-00 00:00:00'),
(208, 'Turbaco', '', 5, '0000-00-00 00:00:00', '0000-00-00 00:00:00'),
(209, 'Turbana', '', 5, '0000-00-00 00:00:00', '0000-00-00 00:00:00'),
(210, 'Villanueva', '', 5, '0000-00-00 00:00:00', '0000-00-00 00:00:00'),
(211, 'Zambrano', '', 5, '0000-00-00 00:00:00', '0000-00-00 00:00:00'),
(212, 'Almeida', '', 6, '0000-00-00 00:00:00', '0000-00-00 00:00:00'),
(213, 'Aquitania', '', 6, '0000-00-00 00:00:00', '0000-00-00 00:00:00'),
(214, 'Arcabuco', '', 6, '0000-00-00 00:00:00', '0000-00-00 00:00:00'),
(215, 'Belen', '', 6, '0000-00-00 00:00:00', '0000-00-00 00:00:00'),
(216, 'Berbeo', '', 6, '0000-00-00 00:00:00', '0000-00-00 00:00:00'),
(217, 'Beteitiva', '', 6, '0000-00-00 00:00:00', '0000-00-00 00:00:00'),
(218, 'Boavita', '', 6, '0000-00-00 00:00:00', '0000-00-00 00:00:00'),
(219, 'Boyaca', '', 6, '0000-00-00 00:00:00', '0000-00-00 00:00:00'),
(220, 'Briceno', '', 6, '0000-00-00 00:00:00', '0000-00-00 00:00:00'),
(221, 'Buenavista', '', 6, '0000-00-00 00:00:00', '0000-00-00 00:00:00'),
(222, 'Busbanza', '', 6, '0000-00-00 00:00:00', '0000-00-00 00:00:00'),
(223, 'Caldas', '', 6, '0000-00-00 00:00:00', '0000-00-00 00:00:00'),
(224, 'Campohermoso', '', 6, '0000-00-00 00:00:00', '0000-00-00 00:00:00'),
(225, 'Cerinza', '', 6, '0000-00-00 00:00:00', '0000-00-00 00:00:00'),
(226, 'Chinavita', '', 6, '0000-00-00 00:00:00', '0000-00-00 00:00:00'),
(227, 'Chiquinquira', '', 6, '0000-00-00 00:00:00', '0000-00-00 00:00:00'),
(228, 'Chiquiza', '', 6, '0000-00-00 00:00:00', '0000-00-00 00:00:00'),
(229, 'Chiscas', '', 6, '0000-00-00 00:00:00', '0000-00-00 00:00:00'),
(230, 'Chita', '', 6, '0000-00-00 00:00:00', '0000-00-00 00:00:00'),
(231, 'Chitaraque', '', 6, '0000-00-00 00:00:00', '0000-00-00 00:00:00'),
(232, 'Chivata', '', 6, '0000-00-00 00:00:00', '0000-00-00 00:00:00'),
(233, 'Chivor', '', 6, '0000-00-00 00:00:00', '0000-00-00 00:00:00'),
(234, 'Cienega', '', 6, '0000-00-00 00:00:00', '0000-00-00 00:00:00'),
(235, 'Combita', '', 6, '0000-00-00 00:00:00', '0000-00-00 00:00:00'),
(236, 'Coper', '', 6, '0000-00-00 00:00:00', '0000-00-00 00:00:00'),
(237, 'Corrales', '', 6, '0000-00-00 00:00:00', '0000-00-00 00:00:00'),
(238, 'Covarachia', '', 6, '0000-00-00 00:00:00', '0000-00-00 00:00:00'),
(239, 'Cubara', '', 6, '0000-00-00 00:00:00', '0000-00-00 00:00:00'),
(240, 'Cucaita', '', 6, '0000-00-00 00:00:00', '0000-00-00 00:00:00'),
(241, 'Cuitiva', '', 6, '0000-00-00 00:00:00', '0000-00-00 00:00:00'),
(242, 'Duitama', '', 6, '0000-00-00 00:00:00', '0000-00-00 00:00:00'),
(243, 'El Cocuy', '', 6, '0000-00-00 00:00:00', '0000-00-00 00:00:00'),
(244, 'El Espino', '', 6, '0000-00-00 00:00:00', '0000-00-00 00:00:00'),
(245, 'Firavitoba', '', 6, '0000-00-00 00:00:00', '0000-00-00 00:00:00'),
(246, 'Floresta', '', 6, '0000-00-00 00:00:00', '0000-00-00 00:00:00'),
(247, 'Gachantiva', '', 6, '0000-00-00 00:00:00', '0000-00-00 00:00:00'),
(248, 'Gameza', '', 6, '0000-00-00 00:00:00', '0000-00-00 00:00:00'),
(249, 'Garagoa', '', 6, '0000-00-00 00:00:00', '0000-00-00 00:00:00'),
(250, 'Guacamayas', '', 6, '0000-00-00 00:00:00', '0000-00-00 00:00:00'),
(251, 'Guateque', '', 6, '0000-00-00 00:00:00', '0000-00-00 00:00:00'),
(252, 'Guayata', '', 6, '0000-00-00 00:00:00', '0000-00-00 00:00:00'),
(253, 'Guican', '', 6, '0000-00-00 00:00:00', '0000-00-00 00:00:00'),
(254, 'Iza', '', 6, '0000-00-00 00:00:00', '0000-00-00 00:00:00'),
(255, 'Jenesano', '', 6, '0000-00-00 00:00:00', '0000-00-00 00:00:00'),
(256, 'Jerico', '', 6, '0000-00-00 00:00:00', '0000-00-00 00:00:00'),
(257, 'La Capilla', '', 6, '0000-00-00 00:00:00', '0000-00-00 00:00:00'),
(258, 'La Uvita', '', 6, '0000-00-00 00:00:00', '0000-00-00 00:00:00'),
(259, 'La Victoria', '', 6, '0000-00-00 00:00:00', '0000-00-00 00:00:00'),
(260, 'Labranzagrande', '', 6, '0000-00-00 00:00:00', '0000-00-00 00:00:00'),
(261, 'Macanal', '', 6, '0000-00-00 00:00:00', '0000-00-00 00:00:00'),
(262, 'Maripi', '', 6, '0000-00-00 00:00:00', '0000-00-00 00:00:00'),
(263, 'Miraflores', '', 6, '0000-00-00 00:00:00', '0000-00-00 00:00:00'),
(264, 'Mongua', '', 6, '0000-00-00 00:00:00', '0000-00-00 00:00:00'),
(265, 'Mongui', '', 6, '0000-00-00 00:00:00', '0000-00-00 00:00:00'),
(266, 'Moniquira', '', 6, '0000-00-00 00:00:00', '0000-00-00 00:00:00'),
(267, 'Motavita', '', 6, '0000-00-00 00:00:00', '0000-00-00 00:00:00'),
(268, 'Muzo', '', 6, '0000-00-00 00:00:00', '0000-00-00 00:00:00'),
(269, 'Nobsa', '', 6, '0000-00-00 00:00:00', '0000-00-00 00:00:00'),
(270, 'Nuevo Colon', '', 6, '0000-00-00 00:00:00', '0000-00-00 00:00:00'),
(271, 'Oicata', '', 6, '0000-00-00 00:00:00', '0000-00-00 00:00:00'),
(272, 'Otanche', '', 6, '0000-00-00 00:00:00', '0000-00-00 00:00:00'),
(273, 'Pachavita', '', 6, '0000-00-00 00:00:00', '0000-00-00 00:00:00'),
(274, 'Paez', '', 6, '0000-00-00 00:00:00', '0000-00-00 00:00:00'),
(275, 'Paipa', '', 6, '0000-00-00 00:00:00', '0000-00-00 00:00:00'),
(276, 'Pajarito', '', 6, '0000-00-00 00:00:00', '0000-00-00 00:00:00'),
(277, 'Panqueba', '', 6, '0000-00-00 00:00:00', '0000-00-00 00:00:00'),
(278, 'Pauna', '', 6, '0000-00-00 00:00:00', '0000-00-00 00:00:00'),
(279, 'Paya', '', 6, '0000-00-00 00:00:00', '0000-00-00 00:00:00'),
(280, 'Paz De Rio', '', 6, '0000-00-00 00:00:00', '0000-00-00 00:00:00'),
(281, 'Pesca', '', 6, '0000-00-00 00:00:00', '0000-00-00 00:00:00'),
(282, 'Pisva', '', 6, '0000-00-00 00:00:00', '0000-00-00 00:00:00'),
(283, 'Puerto Boyaca', '', 6, '0000-00-00 00:00:00', '0000-00-00 00:00:00'),
(284, 'Quipama', '', 6, '0000-00-00 00:00:00', '0000-00-00 00:00:00'),
(285, 'Ramiriqui', '', 6, '0000-00-00 00:00:00', '0000-00-00 00:00:00'),
(286, 'Raquira', '', 6, '0000-00-00 00:00:00', '0000-00-00 00:00:00'),
(287, 'Rondon', '', 6, '0000-00-00 00:00:00', '0000-00-00 00:00:00'),
(288, 'Saboya', '', 6, '0000-00-00 00:00:00', '0000-00-00 00:00:00'),
(289, 'Sachica', '', 6, '0000-00-00 00:00:00', '0000-00-00 00:00:00'),
(290, 'Samaca', '', 6, '0000-00-00 00:00:00', '0000-00-00 00:00:00'),
(291, 'San Eduardo', '', 6, '0000-00-00 00:00:00', '0000-00-00 00:00:00'),
(292, 'San Josede Pare', '', 6, '0000-00-00 00:00:00', '0000-00-00 00:00:00'),
(293, 'San Luis De Gaceno', '', 6, '0000-00-00 00:00:00', '0000-00-00 00:00:00'),
(294, 'San Mateo', '', 6, '0000-00-00 00:00:00', '0000-00-00 00:00:00'),
(295, 'San Miguel De Sema', '', 6, '0000-00-00 00:00:00', '0000-00-00 00:00:00'),
(296, 'San Pablo De Borbur', '', 6, '0000-00-00 00:00:00', '0000-00-00 00:00:00'),
(297, 'Santa Maria', '', 6, '0000-00-00 00:00:00', '0000-00-00 00:00:00'),
(298, 'Santa Rosa De Viterbo', '', 6, '0000-00-00 00:00:00', '0000-00-00 00:00:00'),
(299, 'Santa Sofia', '', 6, '0000-00-00 00:00:00', '0000-00-00 00:00:00'),
(300, 'Santana', '', 6, '0000-00-00 00:00:00', '0000-00-00 00:00:00'),
(301, 'Sativanorte', '', 6, '0000-00-00 00:00:00', '0000-00-00 00:00:00'),
(302, 'Sativasur', '', 6, '0000-00-00 00:00:00', '0000-00-00 00:00:00'),
(303, 'Siachoque', '', 6, '0000-00-00 00:00:00', '0000-00-00 00:00:00'),
(304, 'Soata', '', 6, '0000-00-00 00:00:00', '0000-00-00 00:00:00'),
(305, 'Socha', '', 6, '0000-00-00 00:00:00', '0000-00-00 00:00:00'),
(306, 'Socota', '', 6, '0000-00-00 00:00:00', '0000-00-00 00:00:00'),
(307, 'Sogamoso', '', 6, '0000-00-00 00:00:00', '0000-00-00 00:00:00'),
(308, 'Somondoco', '', 6, '0000-00-00 00:00:00', '0000-00-00 00:00:00'),
(309, 'Sora', '', 6, '0000-00-00 00:00:00', '0000-00-00 00:00:00'),
(310, 'Soraca', '', 6, '0000-00-00 00:00:00', '0000-00-00 00:00:00'),
(311, 'Sotaquira', '', 6, '0000-00-00 00:00:00', '0000-00-00 00:00:00'),
(312, 'Susacon', '', 6, '0000-00-00 00:00:00', '0000-00-00 00:00:00'),
(313, 'Sutamarchan', '', 6, '0000-00-00 00:00:00', '0000-00-00 00:00:00'),
(314, 'Sutatenza', '', 6, '0000-00-00 00:00:00', '0000-00-00 00:00:00'),
(315, 'Tasco', '', 6, '0000-00-00 00:00:00', '0000-00-00 00:00:00'),
(316, 'Tenza', '', 6, '0000-00-00 00:00:00', '0000-00-00 00:00:00'),
(317, 'Tibana', '', 6, '0000-00-00 00:00:00', '0000-00-00 00:00:00'),
(318, 'Tibasosa', '', 6, '0000-00-00 00:00:00', '0000-00-00 00:00:00'),
(319, 'Tinjaca', '', 6, '0000-00-00 00:00:00', '0000-00-00 00:00:00'),
(320, 'Tipacoque', '', 6, '0000-00-00 00:00:00', '0000-00-00 00:00:00'),
(321, 'Toca', '', 6, '0000-00-00 00:00:00', '0000-00-00 00:00:00'),
(322, 'Tog&uuml;i', '', 6, '0000-00-00 00:00:00', '0000-00-00 00:00:00'),
(323, 'Topaga', '', 6, '0000-00-00 00:00:00', '0000-00-00 00:00:00'),
(324, 'Tota', '', 6, '0000-00-00 00:00:00', '0000-00-00 00:00:00'),
(325, 'Tunja', '', 6, '0000-00-00 00:00:00', '0000-00-00 00:00:00'),
(326, 'Tunungua', '', 6, '0000-00-00 00:00:00', '0000-00-00 00:00:00'),
(327, 'Turmeque', '', 6, '0000-00-00 00:00:00', '0000-00-00 00:00:00'),
(328, 'Tuta', '', 6, '0000-00-00 00:00:00', '0000-00-00 00:00:00'),
(329, 'Tutaza', '', 6, '0000-00-00 00:00:00', '0000-00-00 00:00:00'),
(330, 'Umbita', '', 6, '0000-00-00 00:00:00', '0000-00-00 00:00:00'),
(331, 'Ventaquemada', '', 6, '0000-00-00 00:00:00', '0000-00-00 00:00:00'),
(332, 'Villa De Leiva', '', 6, '0000-00-00 00:00:00', '0000-00-00 00:00:00'),
(333, 'Viracacha', '', 6, '0000-00-00 00:00:00', '0000-00-00 00:00:00'),
(334, 'Zetaquira', '', 6, '0000-00-00 00:00:00', '0000-00-00 00:00:00'),
(335, 'Aguadas', '', 7, '0000-00-00 00:00:00', '0000-00-00 00:00:00'),
(336, 'Anserma', '', 7, '0000-00-00 00:00:00', '0000-00-00 00:00:00'),
(337, 'Aranzazu', '', 7, '0000-00-00 00:00:00', '0000-00-00 00:00:00'),
(338, 'Belalcazar', '', 7, '0000-00-00 00:00:00', '0000-00-00 00:00:00'),
(339, 'Chinchina', '', 7, '0000-00-00 00:00:00', '0000-00-00 00:00:00'),
(340, 'Filadelfia', '', 7, '0000-00-00 00:00:00', '0000-00-00 00:00:00'),
(341, 'La Dorada', '', 7, '0000-00-00 00:00:00', '0000-00-00 00:00:00'),
(342, 'La Merced', '', 7, '0000-00-00 00:00:00', '0000-00-00 00:00:00'),
(343, 'Manizales', '', 7, '0000-00-00 00:00:00', '0000-00-00 00:00:00'),
(344, 'Manzanares', '', 7, '0000-00-00 00:00:00', '0000-00-00 00:00:00'),
(345, 'Marmato', '', 7, '0000-00-00 00:00:00', '0000-00-00 00:00:00'),
(346, 'Marquetalia', '', 7, '0000-00-00 00:00:00', '0000-00-00 00:00:00'),
(347, 'Marulanda', '', 7, '0000-00-00 00:00:00', '0000-00-00 00:00:00'),
(348, 'Neira', '', 7, '0000-00-00 00:00:00', '0000-00-00 00:00:00'),
(349, 'Norcasia', '', 7, '0000-00-00 00:00:00', '0000-00-00 00:00:00'),
(350, 'Pacora', '', 7, '0000-00-00 00:00:00', '0000-00-00 00:00:00'),
(351, 'Palestina', '', 7, '0000-00-00 00:00:00', '0000-00-00 00:00:00'),
(352, 'Pensilvania', '', 7, '0000-00-00 00:00:00', '0000-00-00 00:00:00'),
(353, 'Riosucio', '', 7, '0000-00-00 00:00:00', '0000-00-00 00:00:00'),
(354, 'Risaralda', '', 7, '0000-00-00 00:00:00', '0000-00-00 00:00:00'),
(355, 'Salamina', '', 7, '0000-00-00 00:00:00', '0000-00-00 00:00:00'),
(356, 'Samana', '', 7, '0000-00-00 00:00:00', '0000-00-00 00:00:00'),
(357, 'San Jose', '', 7, '0000-00-00 00:00:00', '0000-00-00 00:00:00'),
(358, 'Supia', '', 7, '0000-00-00 00:00:00', '0000-00-00 00:00:00'),
(359, 'Victoria', '', 7, '0000-00-00 00:00:00', '0000-00-00 00:00:00'),
(360, 'Villamaria', '', 7, '0000-00-00 00:00:00', '0000-00-00 00:00:00'),
(361, 'Viterbo', '', 7, '0000-00-00 00:00:00', '0000-00-00 00:00:00'),
(362, 'Albania', '', 8, '0000-00-00 00:00:00', '0000-00-00 00:00:00'),
(363, 'Belen De Los Andaquies', '', 8, '0000-00-00 00:00:00', '0000-00-00 00:00:00'),
(364, 'Cartagena Del Chaira', '', 8, '0000-00-00 00:00:00', '0000-00-00 00:00:00'),
(365, 'Curillo', '', 8, '0000-00-00 00:00:00', '0000-00-00 00:00:00'),
(366, 'El Doncello', '', 8, '0000-00-00 00:00:00', '0000-00-00 00:00:00'),
(367, 'El Paujil', '', 8, '0000-00-00 00:00:00', '0000-00-00 00:00:00'),
(368, 'Florencia', '', 8, '0000-00-00 00:00:00', '0000-00-00 00:00:00'),
(369, 'Milan', '', 8, '0000-00-00 00:00:00', '0000-00-00 00:00:00'),
(370, 'Montanita', '', 8, '0000-00-00 00:00:00', '0000-00-00 00:00:00'),
(371, 'Morelia', '', 8, '0000-00-00 00:00:00', '0000-00-00 00:00:00'),
(372, 'Puerto Rico', '', 8, '0000-00-00 00:00:00', '0000-00-00 00:00:00'),
(373, 'San Jose Del Fragua', '', 8, '0000-00-00 00:00:00', '0000-00-00 00:00:00'),
(374, 'San Vicente Del Caguan', '', 8, '0000-00-00 00:00:00', '0000-00-00 00:00:00'),
(375, 'Solano', '', 8, '0000-00-00 00:00:00', '0000-00-00 00:00:00'),
(376, 'Solita', '', 8, '0000-00-00 00:00:00', '0000-00-00 00:00:00'),
(377, 'Valparaiso', '', 8, '0000-00-00 00:00:00', '0000-00-00 00:00:00'),
(378, 'Aguazul', '', 9, '0000-00-00 00:00:00', '0000-00-00 00:00:00'),
(379, 'Chameza', '', 9, '0000-00-00 00:00:00', '0000-00-00 00:00:00'),
(380, 'Hato Corozal', '', 9, '0000-00-00 00:00:00', '0000-00-00 00:00:00'),
(381, 'La Salina', '', 9, '0000-00-00 00:00:00', '0000-00-00 00:00:00'),
(382, 'Mani', '', 9, '0000-00-00 00:00:00', '0000-00-00 00:00:00'),
(383, 'Monterrey', '', 9, '0000-00-00 00:00:00', '0000-00-00 00:00:00'),
(384, 'Nunchia', '', 9, '0000-00-00 00:00:00', '0000-00-00 00:00:00'),
(385, 'Orocue', '', 9, '0000-00-00 00:00:00', '0000-00-00 00:00:00'),
(386, 'Paz De Ariporo', '', 9, '0000-00-00 00:00:00', '0000-00-00 00:00:00'),
(387, 'Pore', '', 9, '0000-00-00 00:00:00', '0000-00-00 00:00:00'),
(388, 'Recetor', '', 9, '0000-00-00 00:00:00', '0000-00-00 00:00:00'),
(389, 'Sabanalarga', '', 9, '0000-00-00 00:00:00', '0000-00-00 00:00:00'),
(390, 'Sacama', '', 9, '0000-00-00 00:00:00', '0000-00-00 00:00:00'),
(391, 'San Luis De Palenque', '', 9, '0000-00-00 00:00:00', '0000-00-00 00:00:00'),
(392, 'Tamara', '', 9, '0000-00-00 00:00:00', '0000-00-00 00:00:00'),
(393, 'Tauramena', '', 9, '0000-00-00 00:00:00', '0000-00-00 00:00:00'),
(394, 'Trinidad', '', 9, '0000-00-00 00:00:00', '0000-00-00 00:00:00'),
(395, 'Villanueva', '', 9, '0000-00-00 00:00:00', '0000-00-00 00:00:00'),
(396, 'Yopal', '', 9, '0000-00-00 00:00:00', '0000-00-00 00:00:00'),
(397, 'Almaguer', '', 10, '0000-00-00 00:00:00', '0000-00-00 00:00:00'),
(398, 'Argelia', '', 10, '0000-00-00 00:00:00', '0000-00-00 00:00:00'),
(399, 'Balboa', '', 10, '0000-00-00 00:00:00', '0000-00-00 00:00:00'),
(400, 'Bolivar', '', 10, '0000-00-00 00:00:00', '0000-00-00 00:00:00'),
(401, 'Buenos Aires', '', 10, '0000-00-00 00:00:00', '0000-00-00 00:00:00'),
(402, 'Cajibio', '', 10, '0000-00-00 00:00:00', '0000-00-00 00:00:00'),
(403, 'Caldono', '', 10, '0000-00-00 00:00:00', '0000-00-00 00:00:00'),
(404, 'Caloto', '', 10, '0000-00-00 00:00:00', '0000-00-00 00:00:00'),
(405, 'Corinto', '', 10, '0000-00-00 00:00:00', '0000-00-00 00:00:00'),
(406, 'El Tambo', '', 10, '0000-00-00 00:00:00', '0000-00-00 00:00:00'),
(407, 'Florencia', '', 10, '0000-00-00 00:00:00', '0000-00-00 00:00:00'),
(408, 'Guapi', '', 10, '0000-00-00 00:00:00', '0000-00-00 00:00:00'),
(409, 'Inza', '', 10, '0000-00-00 00:00:00', '0000-00-00 00:00:00'),
(410, 'Jambalo', '', 10, '0000-00-00 00:00:00', '0000-00-00 00:00:00'),
(411, 'La Sierra', '', 10, '0000-00-00 00:00:00', '0000-00-00 00:00:00'),
(412, 'La Vega', '', 10, '0000-00-00 00:00:00', '0000-00-00 00:00:00'),
(413, 'Lopez', '', 10, '0000-00-00 00:00:00', '0000-00-00 00:00:00'),
(414, 'Mercaderes', '', 10, '0000-00-00 00:00:00', '0000-00-00 00:00:00'),
(415, 'Miranda', '', 10, '0000-00-00 00:00:00', '0000-00-00 00:00:00'),
(416, 'Morales', '', 10, '0000-00-00 00:00:00', '0000-00-00 00:00:00'),
(417, 'Padilla', '', 10, '0000-00-00 00:00:00', '0000-00-00 00:00:00'),
(418, 'Paez', '', 10, '0000-00-00 00:00:00', '0000-00-00 00:00:00'),
(419, 'Patia', '', 10, '0000-00-00 00:00:00', '0000-00-00 00:00:00'),
(420, 'Piamonte', '', 10, '0000-00-00 00:00:00', '0000-00-00 00:00:00'),
(421, 'Piendamo', '', 10, '0000-00-00 00:00:00', '0000-00-00 00:00:00'),
(422, 'Popayan', '', 10, '0000-00-00 00:00:00', '0000-00-00 00:00:00'),
(423, 'Puerto Tejada', '', 10, '0000-00-00 00:00:00', '0000-00-00 00:00:00'),
(424, 'Purace', '', 10, '0000-00-00 00:00:00', '0000-00-00 00:00:00'),
(425, 'Rosas', '', 10, '0000-00-00 00:00:00', '0000-00-00 00:00:00'),
(426, 'San Sebastian', '', 10, '0000-00-00 00:00:00', '0000-00-00 00:00:00'),
(427, 'Santa Rosa', '', 10, '0000-00-00 00:00:00', '0000-00-00 00:00:00'),
(428, 'Santander De Quilichao', '', 10, '0000-00-00 00:00:00', '0000-00-00 00:00:00'),
(429, 'Silvia', '', 10, '0000-00-00 00:00:00', '0000-00-00 00:00:00'),
(430, 'Sotara', '', 10, '0000-00-00 00:00:00', '0000-00-00 00:00:00'),
(431, 'Suarez', '', 10, '0000-00-00 00:00:00', '0000-00-00 00:00:00'),
(432, 'Sucre', '', 10, '0000-00-00 00:00:00', '0000-00-00 00:00:00'),
(433, 'Timbio', '', 10, '0000-00-00 00:00:00', '0000-00-00 00:00:00'),
(434, 'Timbiqui', '', 10, '0000-00-00 00:00:00', '0000-00-00 00:00:00'),
(435, 'Toribio', '', 10, '0000-00-00 00:00:00', '0000-00-00 00:00:00'),
(436, 'Totoro', '', 10, '0000-00-00 00:00:00', '0000-00-00 00:00:00'),
(437, 'Villa Rica', '', 10, '0000-00-00 00:00:00', '0000-00-00 00:00:00'),
(438, 'Aguachica', '', 11, '0000-00-00 00:00:00', '0000-00-00 00:00:00'),
(439, 'Agustin Codazzi', '', 11, '0000-00-00 00:00:00', '0000-00-00 00:00:00'),
(440, 'Astrea', '', 11, '0000-00-00 00:00:00', '0000-00-00 00:00:00'),
(441, 'Becerril', '', 11, '0000-00-00 00:00:00', '0000-00-00 00:00:00'),
(442, 'Bosconia', '', 11, '0000-00-00 00:00:00', '0000-00-00 00:00:00'),
(443, 'Chimi Hagua', '', 11, '0000-00-00 00:00:00', '0000-00-00 00:00:00'),
(444, 'Chiriguana', '', 11, '0000-00-00 00:00:00', '0000-00-00 00:00:00'),
(445, 'Curumani', '', 11, '0000-00-00 00:00:00', '0000-00-00 00:00:00'),
(446, 'El Copey', '', 11, '0000-00-00 00:00:00', '0000-00-00 00:00:00'),
(447, 'El Paso', '', 11, '0000-00-00 00:00:00', '0000-00-00 00:00:00'),
(448, 'Gamarra', '', 11, '0000-00-00 00:00:00', '0000-00-00 00:00:00'),
(449, 'Gonzalez', '', 11, '0000-00-00 00:00:00', '0000-00-00 00:00:00'),
(450, 'La Gloria', '', 11, '0000-00-00 00:00:00', '0000-00-00 00:00:00'),
(451, 'La Jagua De Ibirico', '', 11, '0000-00-00 00:00:00', '0000-00-00 00:00:00'),
(452, 'La Paz', '', 11, '0000-00-00 00:00:00', '0000-00-00 00:00:00'),
(453, 'Manaure Balcon Del Cesar', '', 11, '0000-00-00 00:00:00', '0000-00-00 00:00:00'),
(454, 'Pailitas', '', 11, '0000-00-00 00:00:00', '0000-00-00 00:00:00'),
(455, 'Pelaya', '', 11, '0000-00-00 00:00:00', '0000-00-00 00:00:00'),
(456, 'Pueblo Bello', '', 11, '0000-00-00 00:00:00', '0000-00-00 00:00:00'),
(457, 'Rio De Oro', '', 11, '0000-00-00 00:00:00', '0000-00-00 00:00:00'),
(458, 'San Alberto', '', 11, '0000-00-00 00:00:00', '0000-00-00 00:00:00'),
(459, 'San Diego', '', 11, '0000-00-00 00:00:00', '0000-00-00 00:00:00'),
(460, 'San Martin', '', 11, '0000-00-00 00:00:00', '0000-00-00 00:00:00'),
(461, 'Tamalameque', '', 11, '0000-00-00 00:00:00', '0000-00-00 00:00:00'),
(462, 'Valledupar', '', 11, '0000-00-00 00:00:00', '0000-00-00 00:00:00'),
(463, 'Acandi', '', 12, '0000-00-00 00:00:00', '0000-00-00 00:00:00'),
(464, 'Alto Baudo', '', 12, '0000-00-00 00:00:00', '0000-00-00 00:00:00'),
(465, 'Atrato', '', 12, '0000-00-00 00:00:00', '0000-00-00 00:00:00'),
(466, 'Bagado', '', 12, '0000-00-00 00:00:00', '0000-00-00 00:00:00'),
(467, 'Bahia Solano', '', 12, '0000-00-00 00:00:00', '0000-00-00 00:00:00'),
(468, 'Bajo Baudo', '', 12, '0000-00-00 00:00:00', '0000-00-00 00:00:00'),
(469, 'Bojaya', '', 12, '0000-00-00 00:00:00', '0000-00-00 00:00:00'),
(470, 'Carmen Del Darien', '', 12, '0000-00-00 00:00:00', '0000-00-00 00:00:00'),
(471, 'Certegui', '', 12, '0000-00-00 00:00:00', '0000-00-00 00:00:00'),
(472, 'Condoto', '', 12, '0000-00-00 00:00:00', '0000-00-00 00:00:00'),
(473, 'El Canton Del San Pablo', '', 12, '0000-00-00 00:00:00', '0000-00-00 00:00:00'),
(474, 'El Carmen', '', 12, '0000-00-00 00:00:00', '0000-00-00 00:00:00'),
(475, 'El Litoral Del San Juan', '', 12, '0000-00-00 00:00:00', '0000-00-00 00:00:00'),
(476, 'Itsmina', '', 12, '0000-00-00 00:00:00', '0000-00-00 00:00:00'),
(477, 'Jurado', '', 12, '0000-00-00 00:00:00', '0000-00-00 00:00:00'),
(478, 'Lloro', '', 12, '0000-00-00 00:00:00', '0000-00-00 00:00:00'),
(479, 'Medio Atrato', '', 12, '0000-00-00 00:00:00', '0000-00-00 00:00:00'),
(480, 'Medio Baudo', '', 12, '0000-00-00 00:00:00', '0000-00-00 00:00:00'),
(481, 'Medio San Juan', '', 12, '0000-00-00 00:00:00', '0000-00-00 00:00:00'),
(482, 'Novita', '', 12, '0000-00-00 00:00:00', '0000-00-00 00:00:00'),
(483, 'Nuqui', '', 12, '0000-00-00 00:00:00', '0000-00-00 00:00:00'),
(484, 'Quibdo', '', 12, '0000-00-00 00:00:00', '0000-00-00 00:00:00'),
(485, 'Rio Iro', '', 12, '0000-00-00 00:00:00', '0000-00-00 00:00:00'),
(486, 'Rio Quito', '', 12, '0000-00-00 00:00:00', '0000-00-00 00:00:00'),
(487, 'Riosucio', '', 12, '0000-00-00 00:00:00', '0000-00-00 00:00:00'),
(488, 'San Jose Del Palmar', '', 12, '0000-00-00 00:00:00', '0000-00-00 00:00:00'),
(489, 'Sipi', '', 12, '0000-00-00 00:00:00', '0000-00-00 00:00:00'),
(490, 'Tado', '', 12, '0000-00-00 00:00:00', '0000-00-00 00:00:00'),
(491, 'Unguia', '', 12, '0000-00-00 00:00:00', '0000-00-00 00:00:00'),
(492, 'Union Panamericana', '', 12, '0000-00-00 00:00:00', '0000-00-00 00:00:00'),
(493, 'Ayapel', '', 13, '0000-00-00 00:00:00', '0000-00-00 00:00:00'),
(494, 'Buenavista', '', 13, '0000-00-00 00:00:00', '0000-00-00 00:00:00'),
(495, 'Canalete', '', 13, '0000-00-00 00:00:00', '0000-00-00 00:00:00'),
(496, 'Cerete', '', 13, '0000-00-00 00:00:00', '0000-00-00 00:00:00'),
(497, 'Chima', '', 13, '0000-00-00 00:00:00', '0000-00-00 00:00:00'),
(498, 'Chinu', '', 13, '0000-00-00 00:00:00', '0000-00-00 00:00:00'),
(499, 'Cienaga De Oro', '', 13, '0000-00-00 00:00:00', '0000-00-00 00:00:00'),
(500, 'Cotorra', '', 13, '0000-00-00 00:00:00', '0000-00-00 00:00:00'),
(501, 'La Apartada', '', 13, '0000-00-00 00:00:00', '0000-00-00 00:00:00'),
(502, 'Lorica', '', 13, '0000-00-00 00:00:00', '0000-00-00 00:00:00'),
(503, 'Los Cordobas', '', 13, '0000-00-00 00:00:00', '0000-00-00 00:00:00'),
(504, 'Momil', '', 13, '0000-00-00 00:00:00', '0000-00-00 00:00:00'),
(505, 'Monitos', '', 13, '0000-00-00 00:00:00', '0000-00-00 00:00:00'),
(506, 'Montelibano', '', 13, '0000-00-00 00:00:00', '0000-00-00 00:00:00'),
(507, 'Monteria', '', 13, '0000-00-00 00:00:00', '0000-00-00 00:00:00'),
(508, 'Planeta Rica', '', 13, '0000-00-00 00:00:00', '0000-00-00 00:00:00'),
(509, 'Pueblo Nuevo', '', 13, '0000-00-00 00:00:00', '0000-00-00 00:00:00'),
(510, 'Puerto Escondido', '', 13, '0000-00-00 00:00:00', '0000-00-00 00:00:00'),
(511, 'Puerto Libertador', '', 13, '0000-00-00 00:00:00', '0000-00-00 00:00:00'),
(512, 'Purisima', '', 13, '0000-00-00 00:00:00', '0000-00-00 00:00:00'),
(513, 'Sahagun', '', 13, '0000-00-00 00:00:00', '0000-00-00 00:00:00'),
(514, 'San Andres De Sotavento', '', 13, '0000-00-00 00:00:00', '0000-00-00 00:00:00'),
(515, 'San Antero', '', 13, '0000-00-00 00:00:00', '0000-00-00 00:00:00'),
(516, 'San Bernardo Del Viento', '', 13, '0000-00-00 00:00:00', '0000-00-00 00:00:00'),
(517, 'San Carlos', '', 13, '0000-00-00 00:00:00', '0000-00-00 00:00:00'),
(518, 'San Pelayo', '', 13, '0000-00-00 00:00:00', '0000-00-00 00:00:00'),
(519, 'Tierralta', '', 13, '0000-00-00 00:00:00', '0000-00-00 00:00:00'),
(520, 'Valencia', '', 13, '0000-00-00 00:00:00', '0000-00-00 00:00:00'),
(521, 'Agua De Dios', '', 14, '0000-00-00 00:00:00', '0000-00-00 00:00:00'),
(522, 'Alban', '', 14, '0000-00-00 00:00:00', '0000-00-00 00:00:00'),
(523, 'Anapoima', '', 14, '0000-00-00 00:00:00', '0000-00-00 00:00:00'),
(524, 'Anolaima', '', 14, '0000-00-00 00:00:00', '0000-00-00 00:00:00'),
(525, 'Apulo', '', 14, '0000-00-00 00:00:00', '0000-00-00 00:00:00'),
(526, 'Arbelaez', '', 14, '0000-00-00 00:00:00', '0000-00-00 00:00:00'),
(527, 'Beltran', '', 14, '0000-00-00 00:00:00', '0000-00-00 00:00:00'),
(528, 'Bituima', '', 14, '0000-00-00 00:00:00', '0000-00-00 00:00:00'),
(529, 'Bojaca', '', 14, '0000-00-00 00:00:00', '0000-00-00 00:00:00'),
(530, 'Cabrera', '', 14, '0000-00-00 00:00:00', '0000-00-00 00:00:00'),
(531, 'Cachipay', '', 14, '0000-00-00 00:00:00', '0000-00-00 00:00:00'),
(532, 'Cajica', '', 14, '0000-00-00 00:00:00', '0000-00-00 00:00:00'),
(533, 'Caparrapi', '', 14, '0000-00-00 00:00:00', '0000-00-00 00:00:00'),
(534, 'Caqueza', '', 14, '0000-00-00 00:00:00', '0000-00-00 00:00:00'),
(535, 'Carmen De Carupa', '', 14, '0000-00-00 00:00:00', '0000-00-00 00:00:00'),
(536, 'Chaguani', '', 14, '0000-00-00 00:00:00', '0000-00-00 00:00:00'),
(537, 'Chia', '', 14, '0000-00-00 00:00:00', '0000-00-00 00:00:00'),
(538, 'Chipaque', '', 14, '0000-00-00 00:00:00', '0000-00-00 00:00:00'),
(539, 'Choachi', '', 14, '0000-00-00 00:00:00', '0000-00-00 00:00:00'),
(540, 'Choconta', '', 14, '0000-00-00 00:00:00', '0000-00-00 00:00:00'),
(541, 'Cogua', '', 14, '0000-00-00 00:00:00', '0000-00-00 00:00:00'),
(542, 'Cota', '', 14, '0000-00-00 00:00:00', '0000-00-00 00:00:00'),
(543, 'Cucunuba', '', 14, '0000-00-00 00:00:00', '0000-00-00 00:00:00'),
(544, 'El Colegio', '', 14, '0000-00-00 00:00:00', '0000-00-00 00:00:00'),
(545, 'El Penon', '', 14, '0000-00-00 00:00:00', '0000-00-00 00:00:00'),
(546, 'El Rosal', '', 14, '0000-00-00 00:00:00', '0000-00-00 00:00:00'),
(547, 'Facatativa', '', 14, '0000-00-00 00:00:00', '0000-00-00 00:00:00'),
(548, 'Fomeque', '', 14, '0000-00-00 00:00:00', '0000-00-00 00:00:00'),
(549, 'Fosca', '', 14, '0000-00-00 00:00:00', '0000-00-00 00:00:00'),
(550, 'Funza', '', 14, '0000-00-00 00:00:00', '0000-00-00 00:00:00'),
(551, 'Fuquene', '', 14, '0000-00-00 00:00:00', '0000-00-00 00:00:00'),
(552, 'Fusagasuga', '', 14, '0000-00-00 00:00:00', '0000-00-00 00:00:00'),
(553, 'Gachala', '', 14, '0000-00-00 00:00:00', '0000-00-00 00:00:00'),
(554, 'Gachancipa', '', 14, '0000-00-00 00:00:00', '0000-00-00 00:00:00'),
(555, 'Gacheta', '', 14, '0000-00-00 00:00:00', '0000-00-00 00:00:00'),
(556, 'Gama', '', 14, '0000-00-00 00:00:00', '0000-00-00 00:00:00'),
(557, 'Girardot', '', 14, '0000-00-00 00:00:00', '0000-00-00 00:00:00'),
(558, 'Granada', '', 14, '0000-00-00 00:00:00', '0000-00-00 00:00:00'),
(559, 'Guacheta', '', 14, '0000-00-00 00:00:00', '0000-00-00 00:00:00'),
(560, 'Guaduas', '', 14, '0000-00-00 00:00:00', '0000-00-00 00:00:00'),
(561, 'Guasca', '', 14, '0000-00-00 00:00:00', '0000-00-00 00:00:00'),
(562, 'Guataqui', '', 14, '0000-00-00 00:00:00', '0000-00-00 00:00:00'),
(563, 'Guatavita', '', 14, '0000-00-00 00:00:00', '0000-00-00 00:00:00'),
(564, 'Guayabal De Siquima', '', 14, '0000-00-00 00:00:00', '0000-00-00 00:00:00'),
(565, 'Guayabetal', '', 14, '0000-00-00 00:00:00', '0000-00-00 00:00:00'),
(566, 'Gutierrez', '', 14, '0000-00-00 00:00:00', '0000-00-00 00:00:00'),
(567, 'Jerusalen', '', 14, '0000-00-00 00:00:00', '0000-00-00 00:00:00'),
(568, 'Junin', '', 14, '0000-00-00 00:00:00', '0000-00-00 00:00:00'),
(569, 'La Calera', '', 14, '0000-00-00 00:00:00', '0000-00-00 00:00:00'),
(570, 'La Mesa', '', 14, '0000-00-00 00:00:00', '0000-00-00 00:00:00'),
(571, 'La Palma', '', 14, '0000-00-00 00:00:00', '0000-00-00 00:00:00'),
(572, 'La Pena', '', 14, '0000-00-00 00:00:00', '0000-00-00 00:00:00'),
(573, 'La Vega', '', 14, '0000-00-00 00:00:00', '0000-00-00 00:00:00'),
(574, 'Lenguazaque', '', 14, '0000-00-00 00:00:00', '0000-00-00 00:00:00'),
(575, 'Macheta', '', 14, '0000-00-00 00:00:00', '0000-00-00 00:00:00'),
(576, 'Madrid', '', 14, '0000-00-00 00:00:00', '0000-00-00 00:00:00'),
(577, 'Manta', '', 14, '0000-00-00 00:00:00', '0000-00-00 00:00:00'),
(578, 'Medina', '', 14, '0000-00-00 00:00:00', '0000-00-00 00:00:00'),
(579, 'Mosquera', '', 14, '0000-00-00 00:00:00', '0000-00-00 00:00:00'),
(580, 'Narino', '', 14, '0000-00-00 00:00:00', '0000-00-00 00:00:00'),
(581, 'Nemocon', '', 14, '0000-00-00 00:00:00', '0000-00-00 00:00:00'),
(582, 'Nilo', '', 14, '0000-00-00 00:00:00', '0000-00-00 00:00:00'),
(583, 'Nimaima', '', 14, '0000-00-00 00:00:00', '0000-00-00 00:00:00'),
(584, 'Nocaima', '', 14, '0000-00-00 00:00:00', '0000-00-00 00:00:00'),
(585, 'Pacho', '', 14, '0000-00-00 00:00:00', '0000-00-00 00:00:00'),
(586, 'Paime', '', 14, '0000-00-00 00:00:00', '0000-00-00 00:00:00'),
(587, 'Pandi', '', 14, '0000-00-00 00:00:00', '0000-00-00 00:00:00'),
(588, 'Paratebueno', '', 14, '0000-00-00 00:00:00', '0000-00-00 00:00:00'),
(589, 'Pasca', '', 14, '0000-00-00 00:00:00', '0000-00-00 00:00:00'),
(590, 'Puerto Salgar', '', 14, '0000-00-00 00:00:00', '0000-00-00 00:00:00'),
(591, 'Puli', '', 14, '0000-00-00 00:00:00', '0000-00-00 00:00:00'),
(592, 'Quebradanegra', '', 14, '0000-00-00 00:00:00', '0000-00-00 00:00:00'),
(593, 'Quetame', '', 14, '0000-00-00 00:00:00', '0000-00-00 00:00:00'),
(594, 'Quipile', '', 14, '0000-00-00 00:00:00', '0000-00-00 00:00:00'),
(595, 'Ricaurte', '', 14, '0000-00-00 00:00:00', '0000-00-00 00:00:00'),
(596, 'San Antonio De Tequendama', '', 14, '0000-00-00 00:00:00', '0000-00-00 00:00:00'),
(597, 'San Bernardo', '', 14, '0000-00-00 00:00:00', '0000-00-00 00:00:00'),
(598, 'San Cayetano', '', 14, '0000-00-00 00:00:00', '0000-00-00 00:00:00'),
(599, 'San Francisco', '', 14, '0000-00-00 00:00:00', '0000-00-00 00:00:00'),
(600, 'San Juan De Rioseco', '', 14, '0000-00-00 00:00:00', '0000-00-00 00:00:00'),
(601, 'Sasaima', '', 14, '0000-00-00 00:00:00', '0000-00-00 00:00:00'),
(602, 'Sesquile', '', 14, '0000-00-00 00:00:00', '0000-00-00 00:00:00'),
(603, 'Sibate', '', 14, '0000-00-00 00:00:00', '0000-00-00 00:00:00'),
(604, 'Silvania', '', 14, '0000-00-00 00:00:00', '0000-00-00 00:00:00'),
(605, 'Simijaca', '', 14, '0000-00-00 00:00:00', '0000-00-00 00:00:00'),
(606, 'Soacha', '', 14, '0000-00-00 00:00:00', '0000-00-00 00:00:00'),
(607, 'Sopo', '', 14, '0000-00-00 00:00:00', '0000-00-00 00:00:00'),
(608, 'Subachoque', '', 14, '0000-00-00 00:00:00', '0000-00-00 00:00:00'),
(609, 'Suesca', '', 14, '0000-00-00 00:00:00', '0000-00-00 00:00:00'),
(610, 'Supata', '', 14, '0000-00-00 00:00:00', '0000-00-00 00:00:00'),
(611, 'Susa', '', 14, '0000-00-00 00:00:00', '0000-00-00 00:00:00'),
(612, 'Sutatausa', '', 14, '0000-00-00 00:00:00', '0000-00-00 00:00:00'),
(613, 'Tabio', '', 14, '0000-00-00 00:00:00', '0000-00-00 00:00:00'),
(614, 'Tausa', '', 14, '0000-00-00 00:00:00', '0000-00-00 00:00:00'),
(615, 'Tena', '', 14, '0000-00-00 00:00:00', '0000-00-00 00:00:00'),
(616, 'Tenjo', '', 14, '0000-00-00 00:00:00', '0000-00-00 00:00:00'),
(617, 'Tibacuy', '', 14, '0000-00-00 00:00:00', '0000-00-00 00:00:00'),
(618, 'Tibirita', '', 14, '0000-00-00 00:00:00', '0000-00-00 00:00:00'),
(619, 'Tocaima', '', 14, '0000-00-00 00:00:00', '0000-00-00 00:00:00'),
(620, 'Tocancipa', '', 14, '0000-00-00 00:00:00', '0000-00-00 00:00:00'),
(621, 'Topaipi', '', 14, '0000-00-00 00:00:00', '0000-00-00 00:00:00'),
(622, 'Ubala', '', 14, '0000-00-00 00:00:00', '0000-00-00 00:00:00'),
(623, 'Ubaque', '', 14, '0000-00-00 00:00:00', '0000-00-00 00:00:00'),
(624, 'Ubate', '', 14, '0000-00-00 00:00:00', '0000-00-00 00:00:00'),
(625, 'Une', '', 14, '0000-00-00 00:00:00', '0000-00-00 00:00:00'),
(626, 'Utica', '', 14, '0000-00-00 00:00:00', '0000-00-00 00:00:00'),
(627, 'Venecia', '', 14, '0000-00-00 00:00:00', '0000-00-00 00:00:00'),
(628, 'Vergara', '', 14, '0000-00-00 00:00:00', '0000-00-00 00:00:00'),
(629, 'Viani', '', 14, '0000-00-00 00:00:00', '0000-00-00 00:00:00'),
(630, 'Villagomez', '', 14, '0000-00-00 00:00:00', '0000-00-00 00:00:00'),
(631, 'Villapinzon', '', 14, '0000-00-00 00:00:00', '0000-00-00 00:00:00'),
(632, 'Villeta', '', 14, '0000-00-00 00:00:00', '0000-00-00 00:00:00'),
(633, 'Viota', '', 14, '0000-00-00 00:00:00', '0000-00-00 00:00:00'),
(634, 'Yacopi', '', 14, '0000-00-00 00:00:00', '0000-00-00 00:00:00'),
(635, 'Zipacon', '', 14, '0000-00-00 00:00:00', '0000-00-00 00:00:00'),
(636, 'Zipaquira', '', 14, '0000-00-00 00:00:00', '0000-00-00 00:00:00'),
(637, 'Barranco Mina', '', 15, '0000-00-00 00:00:00', '0000-00-00 00:00:00'),
(638, 'Cacahual', '', 15, '0000-00-00 00:00:00', '0000-00-00 00:00:00'),
(639, 'Inirida', '', 15, '0000-00-00 00:00:00', '0000-00-00 00:00:00'),
(640, 'La Guadalupe', '', 15, '0000-00-00 00:00:00', '0000-00-00 00:00:00'),
(641, 'Mapiripana', '', 15, '0000-00-00 00:00:00', '0000-00-00 00:00:00'),
(642, 'Morichal', '', 15, '0000-00-00 00:00:00', '0000-00-00 00:00:00'),
(643, 'Pana-pana', '', 15, '0000-00-00 00:00:00', '0000-00-00 00:00:00'),
(644, 'Puerto Colombia', '', 15, '0000-00-00 00:00:00', '0000-00-00 00:00:00'),
(645, 'San Felipe', '', 15, '0000-00-00 00:00:00', '0000-00-00 00:00:00'),
(646, 'Albania', '', 16, '0000-00-00 00:00:00', '0000-00-00 00:00:00'),
(647, 'Barrancas', '', 16, '0000-00-00 00:00:00', '0000-00-00 00:00:00'),
(648, 'Dibulla', '', 16, '0000-00-00 00:00:00', '0000-00-00 00:00:00'),
(649, 'Distraccion', '', 16, '0000-00-00 00:00:00', '0000-00-00 00:00:00'),
(650, 'El Molino', '', 16, '0000-00-00 00:00:00', '0000-00-00 00:00:00'),
(651, 'Fonseca', '', 16, '0000-00-00 00:00:00', '0000-00-00 00:00:00'),
(652, 'Hato Nuevo', '', 16, '0000-00-00 00:00:00', '0000-00-00 00:00:00'),
(653, 'La Jagua Del Pilar', '', 16, '0000-00-00 00:00:00', '0000-00-00 00:00:00'),
(654, 'Maicao', '', 16, '0000-00-00 00:00:00', '0000-00-00 00:00:00'),
(655, 'Manaure', '', 16, '0000-00-00 00:00:00', '0000-00-00 00:00:00'),
(656, 'Riohacha', '', 16, '0000-00-00 00:00:00', '0000-00-00 00:00:00'),
(657, 'San Juan Del Cesar', '', 16, '0000-00-00 00:00:00', '0000-00-00 00:00:00'),
(658, 'Uribia', '', 16, '0000-00-00 00:00:00', '0000-00-00 00:00:00'),
(659, 'Urumita', '', 16, '0000-00-00 00:00:00', '0000-00-00 00:00:00'),
(660, 'Villanueva', '', 16, '0000-00-00 00:00:00', '0000-00-00 00:00:00'),
(661, 'Calamar', '', 17, '0000-00-00 00:00:00', '0000-00-00 00:00:00'),
(662, 'El Retorno', '', 17, '0000-00-00 00:00:00', '0000-00-00 00:00:00'),
(663, 'Miraflores', '', 17, '0000-00-00 00:00:00', '0000-00-00 00:00:00'),
(664, 'San Jose Del Guaviare', '', 17, '0000-00-00 00:00:00', '0000-00-00 00:00:00'),
(665, 'Acevedo', '', 18, '0000-00-00 00:00:00', '0000-00-00 00:00:00'),
(666, 'Agrado', '', 18, '0000-00-00 00:00:00', '0000-00-00 00:00:00'),
(667, 'Aipe', '', 18, '0000-00-00 00:00:00', '0000-00-00 00:00:00'),
(668, 'Algeciras', '', 18, '0000-00-00 00:00:00', '0000-00-00 00:00:00'),
(669, 'Altamira', '', 18, '0000-00-00 00:00:00', '0000-00-00 00:00:00'),
(670, 'Baraya', '', 18, '0000-00-00 00:00:00', '0000-00-00 00:00:00'),
(671, 'Campoalegre', '', 18, '0000-00-00 00:00:00', '0000-00-00 00:00:00'),
(672, 'Colombia', '', 18, '0000-00-00 00:00:00', '0000-00-00 00:00:00'),
(673, 'Elias', '', 18, '0000-00-00 00:00:00', '0000-00-00 00:00:00'),
(674, 'Garzon', '', 18, '0000-00-00 00:00:00', '0000-00-00 00:00:00'),
(675, 'Gigante', '', 18, '0000-00-00 00:00:00', '0000-00-00 00:00:00'),
(676, 'Guadalupe', '', 18, '0000-00-00 00:00:00', '0000-00-00 00:00:00'),
(677, 'Hobo', '', 18, '0000-00-00 00:00:00', '0000-00-00 00:00:00'),
(678, 'Iquira', '', 18, '0000-00-00 00:00:00', '0000-00-00 00:00:00'),
(679, 'Isnos', '', 18, '0000-00-00 00:00:00', '0000-00-00 00:00:00'),
(680, 'La Argentina', '', 18, '0000-00-00 00:00:00', '0000-00-00 00:00:00'),
(681, 'La Plata', '', 18, '0000-00-00 00:00:00', '0000-00-00 00:00:00'),
(682, 'Nataga', '', 18, '0000-00-00 00:00:00', '0000-00-00 00:00:00'),
(683, 'Neiva', '', 18, '0000-00-00 00:00:00', '0000-00-00 00:00:00'),
(684, 'Oporapa', '', 18, '0000-00-00 00:00:00', '0000-00-00 00:00:00'),
(685, 'Paicol', '', 18, '0000-00-00 00:00:00', '0000-00-00 00:00:00'),
(686, 'Palermo', '', 18, '0000-00-00 00:00:00', '0000-00-00 00:00:00'),
(687, 'Palestina', '', 18, '0000-00-00 00:00:00', '0000-00-00 00:00:00'),
(688, 'Pital', '', 18, '0000-00-00 00:00:00', '0000-00-00 00:00:00'),
(689, 'Pitalito', '', 18, '0000-00-00 00:00:00', '0000-00-00 00:00:00'),
(690, 'Rivera', '', 18, '0000-00-00 00:00:00', '0000-00-00 00:00:00'),
(691, 'Saladoblanco', '', 18, '0000-00-00 00:00:00', '0000-00-00 00:00:00'),
(692, 'San Agustin', '', 18, '0000-00-00 00:00:00', '0000-00-00 00:00:00'),
(693, 'Santa Maria', '', 18, '0000-00-00 00:00:00', '0000-00-00 00:00:00'),
(694, 'Suaza', '', 18, '0000-00-00 00:00:00', '0000-00-00 00:00:00'),
(695, 'Tarqui', '', 18, '0000-00-00 00:00:00', '0000-00-00 00:00:00'),
(696, 'Tello', '', 18, '0000-00-00 00:00:00', '0000-00-00 00:00:00'),
(697, 'Teruel', '', 18, '0000-00-00 00:00:00', '0000-00-00 00:00:00'),
(698, 'Tesalia', '', 18, '0000-00-00 00:00:00', '0000-00-00 00:00:00'),
(699, 'Timana', '', 18, '0000-00-00 00:00:00', '0000-00-00 00:00:00'),
(700, 'Villavieja', '', 18, '0000-00-00 00:00:00', '0000-00-00 00:00:00'),
(701, 'Yaguara', '', 18, '0000-00-00 00:00:00', '0000-00-00 00:00:00'),
(702, 'Algarrobo', '', 19, '0000-00-00 00:00:00', '0000-00-00 00:00:00'),
(703, 'Aracataca', '', 19, '0000-00-00 00:00:00', '0000-00-00 00:00:00');
INSERT INTO `shph_departamento_ciudad` (`id`, `nombre`, `descripcion`, `id_departamento`, `created_at`, `updated_at`) VALUES
(704, 'Ariguani', '', 19, '0000-00-00 00:00:00', '0000-00-00 00:00:00'),
(705, 'Cerro De San Antonio', '', 19, '0000-00-00 00:00:00', '0000-00-00 00:00:00'),
(706, 'Chivolo', '', 19, '0000-00-00 00:00:00', '0000-00-00 00:00:00'),
(707, 'Cienaga', '', 19, '0000-00-00 00:00:00', '0000-00-00 00:00:00'),
(708, 'Concordia', '', 19, '0000-00-00 00:00:00', '0000-00-00 00:00:00'),
(709, 'El Banco', '', 19, '0000-00-00 00:00:00', '0000-00-00 00:00:00'),
(710, 'El Pinon', '', 19, '0000-00-00 00:00:00', '0000-00-00 00:00:00'),
(711, 'El Reten', '', 19, '0000-00-00 00:00:00', '0000-00-00 00:00:00'),
(712, 'Fundacion', '', 19, '0000-00-00 00:00:00', '0000-00-00 00:00:00'),
(713, 'Guamal', '', 19, '0000-00-00 00:00:00', '0000-00-00 00:00:00'),
(714, 'Nueva Granada', '', 19, '0000-00-00 00:00:00', '0000-00-00 00:00:00'),
(715, 'Pedraza', '', 19, '0000-00-00 00:00:00', '0000-00-00 00:00:00'),
(716, 'Pijino Del Carmen', '', 19, '0000-00-00 00:00:00', '0000-00-00 00:00:00'),
(717, 'Pivijay', '', 19, '0000-00-00 00:00:00', '0000-00-00 00:00:00'),
(718, 'Plato', '', 19, '0000-00-00 00:00:00', '0000-00-00 00:00:00'),
(719, 'Puebloviejo', '', 19, '0000-00-00 00:00:00', '0000-00-00 00:00:00'),
(720, 'Remolino', '', 19, '0000-00-00 00:00:00', '0000-00-00 00:00:00'),
(721, 'Sabanas De San Angel', '', 19, '0000-00-00 00:00:00', '0000-00-00 00:00:00'),
(722, 'Salamina', '', 19, '0000-00-00 00:00:00', '0000-00-00 00:00:00'),
(723, 'San Sebastian De Buenavista', '', 19, '0000-00-00 00:00:00', '0000-00-00 00:00:00'),
(724, 'San Zenon', '', 19, '0000-00-00 00:00:00', '0000-00-00 00:00:00'),
(725, 'Santa Ana', '', 19, '0000-00-00 00:00:00', '0000-00-00 00:00:00'),
(726, 'Santa Barbara De Pinto', '', 19, '0000-00-00 00:00:00', '0000-00-00 00:00:00'),
(727, 'Santa Marta', '', 19, '0000-00-00 00:00:00', '0000-00-00 00:00:00'),
(728, 'Sitionuevo', '', 19, '0000-00-00 00:00:00', '0000-00-00 00:00:00'),
(729, 'Tenerife', '', 19, '0000-00-00 00:00:00', '0000-00-00 00:00:00'),
(730, 'Zapayan', '', 19, '0000-00-00 00:00:00', '0000-00-00 00:00:00'),
(731, 'Zona Bananera', '', 19, '0000-00-00 00:00:00', '0000-00-00 00:00:00'),
(732, 'Acacias', '', 20, '0000-00-00 00:00:00', '0000-00-00 00:00:00'),
(733, 'Barranca De Upia', '', 20, '0000-00-00 00:00:00', '0000-00-00 00:00:00'),
(734, 'Cabuyaro', '', 20, '0000-00-00 00:00:00', '0000-00-00 00:00:00'),
(735, 'Castilla La Nueva', '', 20, '0000-00-00 00:00:00', '0000-00-00 00:00:00'),
(736, 'Cubarral', '', 20, '0000-00-00 00:00:00', '0000-00-00 00:00:00'),
(737, 'Cumaral', '', 20, '0000-00-00 00:00:00', '0000-00-00 00:00:00'),
(738, 'El Calvario', '', 20, '0000-00-00 00:00:00', '0000-00-00 00:00:00'),
(739, 'El Castillo', '', 20, '0000-00-00 00:00:00', '0000-00-00 00:00:00'),
(740, 'El Dorado', '', 20, '0000-00-00 00:00:00', '0000-00-00 00:00:00'),
(741, 'Fuente De Oro', '', 20, '0000-00-00 00:00:00', '0000-00-00 00:00:00'),
(742, 'Granada', '', 20, '0000-00-00 00:00:00', '0000-00-00 00:00:00'),
(743, 'Guamal', '', 20, '0000-00-00 00:00:00', '0000-00-00 00:00:00'),
(744, 'La Macarena', '', 20, '0000-00-00 00:00:00', '0000-00-00 00:00:00'),
(745, 'Lejanias', '', 20, '0000-00-00 00:00:00', '0000-00-00 00:00:00'),
(746, 'Mapiripan', '', 20, '0000-00-00 00:00:00', '0000-00-00 00:00:00'),
(747, 'Mesetas', '', 20, '0000-00-00 00:00:00', '0000-00-00 00:00:00'),
(748, 'Puerto Concordia', '', 20, '0000-00-00 00:00:00', '0000-00-00 00:00:00'),
(749, 'Puerto Gaitan', '', 20, '0000-00-00 00:00:00', '0000-00-00 00:00:00'),
(750, 'Puerto Lleras', '', 20, '0000-00-00 00:00:00', '0000-00-00 00:00:00'),
(751, 'Puerto Lopez', '', 20, '0000-00-00 00:00:00', '0000-00-00 00:00:00'),
(752, 'Puerto Rico', '', 20, '0000-00-00 00:00:00', '0000-00-00 00:00:00'),
(753, 'Restrepo', '', 20, '0000-00-00 00:00:00', '0000-00-00 00:00:00'),
(754, 'San Carlos De Guaroa', '', 20, '0000-00-00 00:00:00', '0000-00-00 00:00:00'),
(755, 'San Juan De Arama', '', 20, '0000-00-00 00:00:00', '0000-00-00 00:00:00'),
(756, 'San Juanito', '', 20, '0000-00-00 00:00:00', '0000-00-00 00:00:00'),
(757, 'San Martin', '', 20, '0000-00-00 00:00:00', '0000-00-00 00:00:00'),
(758, 'Uribe', '', 20, '0000-00-00 00:00:00', '0000-00-00 00:00:00'),
(759, 'Villavicencio', '', 20, '0000-00-00 00:00:00', '0000-00-00 00:00:00'),
(760, 'Vistahermosa', '', 20, '0000-00-00 00:00:00', '0000-00-00 00:00:00'),
(761, 'Abrego', '', 21, '0000-00-00 00:00:00', '0000-00-00 00:00:00'),
(762, 'Arboledas', '', 21, '0000-00-00 00:00:00', '0000-00-00 00:00:00'),
(763, 'Bochalema', '', 21, '0000-00-00 00:00:00', '0000-00-00 00:00:00'),
(764, 'Bucarasica', '', 21, '0000-00-00 00:00:00', '0000-00-00 00:00:00'),
(765, 'Cachira', '', 21, '0000-00-00 00:00:00', '0000-00-00 00:00:00'),
(766, 'Cacota', '', 21, '0000-00-00 00:00:00', '0000-00-00 00:00:00'),
(767, 'Chinacota', '', 21, '0000-00-00 00:00:00', '0000-00-00 00:00:00'),
(768, 'Chitaga', '', 21, '0000-00-00 00:00:00', '0000-00-00 00:00:00'),
(769, 'Convencion', '', 21, '0000-00-00 00:00:00', '0000-00-00 00:00:00'),
(770, 'Cucuta', '', 21, '0000-00-00 00:00:00', '0000-00-00 00:00:00'),
(771, 'Cucutilla', '', 21, '0000-00-00 00:00:00', '0000-00-00 00:00:00'),
(772, 'Durania', '', 21, '0000-00-00 00:00:00', '0000-00-00 00:00:00'),
(773, 'El Carmen', '', 21, '0000-00-00 00:00:00', '0000-00-00 00:00:00'),
(774, 'El Tarra', '', 21, '0000-00-00 00:00:00', '0000-00-00 00:00:00'),
(775, 'El Zulia', '', 21, '0000-00-00 00:00:00', '0000-00-00 00:00:00'),
(776, 'Gramalote', '', 21, '0000-00-00 00:00:00', '0000-00-00 00:00:00'),
(777, 'Hacari', '', 21, '0000-00-00 00:00:00', '0000-00-00 00:00:00'),
(778, 'Herran', '', 21, '0000-00-00 00:00:00', '0000-00-00 00:00:00'),
(779, 'La Esperanza', '', 21, '0000-00-00 00:00:00', '0000-00-00 00:00:00'),
(780, 'La Playa', '', 21, '0000-00-00 00:00:00', '0000-00-00 00:00:00'),
(781, 'Labateca', '', 21, '0000-00-00 00:00:00', '0000-00-00 00:00:00'),
(782, 'Los Patios', '', 21, '0000-00-00 00:00:00', '0000-00-00 00:00:00'),
(783, 'Lourdes', '', 21, '0000-00-00 00:00:00', '0000-00-00 00:00:00'),
(784, 'Mutiscua', '', 21, '0000-00-00 00:00:00', '0000-00-00 00:00:00'),
(785, 'Ocana', '', 21, '0000-00-00 00:00:00', '0000-00-00 00:00:00'),
(786, 'Pamplona', '', 21, '0000-00-00 00:00:00', '0000-00-00 00:00:00'),
(787, 'Pamplonita', '', 21, '0000-00-00 00:00:00', '0000-00-00 00:00:00'),
(788, 'Puerto Santander', '', 21, '0000-00-00 00:00:00', '0000-00-00 00:00:00'),
(789, 'Ragonvalia', '', 21, '0000-00-00 00:00:00', '0000-00-00 00:00:00'),
(790, 'Salazar', '', 21, '0000-00-00 00:00:00', '0000-00-00 00:00:00'),
(791, 'San Calixto', '', 21, '0000-00-00 00:00:00', '0000-00-00 00:00:00'),
(792, 'San Cayetano', '', 21, '0000-00-00 00:00:00', '0000-00-00 00:00:00'),
(793, 'Santiago', '', 21, '0000-00-00 00:00:00', '0000-00-00 00:00:00'),
(794, 'Sardinata', '', 21, '0000-00-00 00:00:00', '0000-00-00 00:00:00'),
(795, 'Silos', '', 21, '0000-00-00 00:00:00', '0000-00-00 00:00:00'),
(796, 'Teorama', '', 21, '0000-00-00 00:00:00', '0000-00-00 00:00:00'),
(797, 'Tibu', '', 21, '0000-00-00 00:00:00', '0000-00-00 00:00:00'),
(798, 'Toledo', '', 21, '0000-00-00 00:00:00', '0000-00-00 00:00:00'),
(799, 'Villa Caro', '', 21, '0000-00-00 00:00:00', '0000-00-00 00:00:00'),
(800, 'Villa Del Rosario', '', 21, '0000-00-00 00:00:00', '0000-00-00 00:00:00'),
(801, 'Alban', '', 22, '0000-00-00 00:00:00', '0000-00-00 00:00:00'),
(802, 'Aldana', '', 22, '0000-00-00 00:00:00', '0000-00-00 00:00:00'),
(803, 'Ancuya', '', 22, '0000-00-00 00:00:00', '0000-00-00 00:00:00'),
(804, 'Arboleda', '', 22, '0000-00-00 00:00:00', '0000-00-00 00:00:00'),
(805, 'Barbacoas', '', 22, '0000-00-00 00:00:00', '0000-00-00 00:00:00'),
(806, 'Belen', '', 22, '0000-00-00 00:00:00', '0000-00-00 00:00:00'),
(807, 'Buesaco', '', 22, '0000-00-00 00:00:00', '0000-00-00 00:00:00'),
(808, 'Chachagui', '', 22, '0000-00-00 00:00:00', '0000-00-00 00:00:00'),
(809, 'Colon (genova)', '', 22, '0000-00-00 00:00:00', '0000-00-00 00:00:00'),
(810, 'Consaca', '', 22, '0000-00-00 00:00:00', '0000-00-00 00:00:00'),
(811, 'Contadero', '', 22, '0000-00-00 00:00:00', '0000-00-00 00:00:00'),
(812, 'Cordoba', '', 22, '0000-00-00 00:00:00', '0000-00-00 00:00:00'),
(813, 'Cuaspud', '', 22, '0000-00-00 00:00:00', '0000-00-00 00:00:00'),
(814, 'Cumbal', '', 22, '0000-00-00 00:00:00', '0000-00-00 00:00:00'),
(815, 'Cumbitara', '', 22, '0000-00-00 00:00:00', '0000-00-00 00:00:00'),
(816, 'El Charco', '', 22, '0000-00-00 00:00:00', '0000-00-00 00:00:00'),
(817, 'El Penol', '', 22, '0000-00-00 00:00:00', '0000-00-00 00:00:00'),
(818, 'El Rosario', '', 22, '0000-00-00 00:00:00', '0000-00-00 00:00:00'),
(819, 'El Tablon', '', 22, '0000-00-00 00:00:00', '0000-00-00 00:00:00'),
(820, 'El Tambo', '', 22, '0000-00-00 00:00:00', '0000-00-00 00:00:00'),
(821, 'Francisco Pizarro', '', 22, '0000-00-00 00:00:00', '0000-00-00 00:00:00'),
(822, 'Funes', '', 22, '0000-00-00 00:00:00', '0000-00-00 00:00:00'),
(823, 'Guachucal', '', 22, '0000-00-00 00:00:00', '0000-00-00 00:00:00'),
(824, 'Guaitarilla', '', 22, '0000-00-00 00:00:00', '0000-00-00 00:00:00'),
(825, 'Gualmatan', '', 22, '0000-00-00 00:00:00', '0000-00-00 00:00:00'),
(826, 'Iles', '', 22, '0000-00-00 00:00:00', '0000-00-00 00:00:00'),
(827, 'Imues', '', 22, '0000-00-00 00:00:00', '0000-00-00 00:00:00'),
(828, 'Ipiales', '', 22, '0000-00-00 00:00:00', '0000-00-00 00:00:00'),
(829, 'La Cruz', '', 22, '0000-00-00 00:00:00', '0000-00-00 00:00:00'),
(830, 'La Florida', '', 22, '0000-00-00 00:00:00', '0000-00-00 00:00:00'),
(831, 'La Llanada', '', 22, '0000-00-00 00:00:00', '0000-00-00 00:00:00'),
(832, 'La Tola', '', 22, '0000-00-00 00:00:00', '0000-00-00 00:00:00'),
(833, 'La Union', '', 22, '0000-00-00 00:00:00', '0000-00-00 00:00:00'),
(834, 'Leiva', '', 22, '0000-00-00 00:00:00', '0000-00-00 00:00:00'),
(835, 'Linares', '', 22, '0000-00-00 00:00:00', '0000-00-00 00:00:00'),
(836, 'Los Andes', '', 22, '0000-00-00 00:00:00', '0000-00-00 00:00:00'),
(837, 'Mag&uuml;i', '', 22, '0000-00-00 00:00:00', '0000-00-00 00:00:00'),
(838, 'Mallama', '', 22, '0000-00-00 00:00:00', '0000-00-00 00:00:00'),
(839, 'Mosquera', '', 22, '0000-00-00 00:00:00', '0000-00-00 00:00:00'),
(840, 'Narino', '', 22, '0000-00-00 00:00:00', '0000-00-00 00:00:00'),
(841, 'Olaya Herrera', '', 22, '0000-00-00 00:00:00', '0000-00-00 00:00:00'),
(842, 'Ospina', '', 22, '0000-00-00 00:00:00', '0000-00-00 00:00:00'),
(843, 'Pasto', '', 22, '0000-00-00 00:00:00', '0000-00-00 00:00:00'),
(844, 'Policarpa', '', 22, '0000-00-00 00:00:00', '0000-00-00 00:00:00'),
(845, 'Potosi', '', 22, '0000-00-00 00:00:00', '0000-00-00 00:00:00'),
(846, 'Providencia', '', 22, '0000-00-00 00:00:00', '0000-00-00 00:00:00'),
(847, 'Puerres', '', 22, '0000-00-00 00:00:00', '0000-00-00 00:00:00'),
(848, 'Pupiales', '', 22, '0000-00-00 00:00:00', '0000-00-00 00:00:00'),
(849, 'Ricaurte', '', 22, '0000-00-00 00:00:00', '0000-00-00 00:00:00'),
(850, 'Roberto Payan', '', 22, '0000-00-00 00:00:00', '0000-00-00 00:00:00'),
(851, 'Samaniego', '', 22, '0000-00-00 00:00:00', '0000-00-00 00:00:00'),
(852, 'San Bernardo', '', 22, '0000-00-00 00:00:00', '0000-00-00 00:00:00'),
(853, 'San Lorenzo', '', 22, '0000-00-00 00:00:00', '0000-00-00 00:00:00'),
(854, 'San Pablo', '', 22, '0000-00-00 00:00:00', '0000-00-00 00:00:00'),
(855, 'San Pedro De Cartago', '', 22, '0000-00-00 00:00:00', '0000-00-00 00:00:00'),
(856, 'Sandona', '', 22, '0000-00-00 00:00:00', '0000-00-00 00:00:00'),
(857, 'Santa Barbara', '', 22, '0000-00-00 00:00:00', '0000-00-00 00:00:00'),
(858, 'Santa Cruz', '', 22, '0000-00-00 00:00:00', '0000-00-00 00:00:00'),
(859, 'Sapuyes', '', 22, '0000-00-00 00:00:00', '0000-00-00 00:00:00'),
(860, 'Taminango', '', 22, '0000-00-00 00:00:00', '0000-00-00 00:00:00'),
(861, 'Tangua', '', 22, '0000-00-00 00:00:00', '0000-00-00 00:00:00'),
(862, 'Tumaco', '', 22, '0000-00-00 00:00:00', '0000-00-00 00:00:00'),
(863, 'Tuquerres', '', 22, '0000-00-00 00:00:00', '0000-00-00 00:00:00'),
(864, 'Yacuanquer', '', 22, '0000-00-00 00:00:00', '0000-00-00 00:00:00'),
(865, 'Colon', '', 23, '0000-00-00 00:00:00', '0000-00-00 00:00:00'),
(866, 'Mocoa', '', 23, '0000-00-00 00:00:00', '0000-00-00 00:00:00'),
(867, 'Orito', '', 23, '0000-00-00 00:00:00', '0000-00-00 00:00:00'),
(868, 'Puerto Asis', '', 23, '0000-00-00 00:00:00', '0000-00-00 00:00:00'),
(869, 'Puerto Caicedo', '', 23, '0000-00-00 00:00:00', '0000-00-00 00:00:00'),
(870, 'Puerto Guzman', '', 23, '0000-00-00 00:00:00', '0000-00-00 00:00:00'),
(871, 'Puerto Leguizamo', '', 23, '0000-00-00 00:00:00', '0000-00-00 00:00:00'),
(872, 'San Francisco', '', 23, '0000-00-00 00:00:00', '0000-00-00 00:00:00'),
(873, 'San Miguel', '', 23, '0000-00-00 00:00:00', '0000-00-00 00:00:00'),
(874, 'Santiago', '', 23, '0000-00-00 00:00:00', '0000-00-00 00:00:00'),
(875, 'Sibundoy', '', 23, '0000-00-00 00:00:00', '0000-00-00 00:00:00'),
(876, 'Valle Del Guamuez', '', 23, '0000-00-00 00:00:00', '0000-00-00 00:00:00'),
(877, 'Villagarzon', '', 23, '0000-00-00 00:00:00', '0000-00-00 00:00:00'),
(878, 'Armenia', '', 24, '0000-00-00 00:00:00', '0000-00-00 00:00:00'),
(879, 'Buenavista', '', 24, '0000-00-00 00:00:00', '0000-00-00 00:00:00'),
(880, 'Calarca', '', 24, '0000-00-00 00:00:00', '0000-00-00 00:00:00'),
(881, 'Circasia', '', 24, '0000-00-00 00:00:00', '0000-00-00 00:00:00'),
(882, 'Cordoba', '', 24, '0000-00-00 00:00:00', '0000-00-00 00:00:00'),
(883, 'Filandia', '', 24, '0000-00-00 00:00:00', '0000-00-00 00:00:00'),
(884, 'Genova', '', 24, '0000-00-00 00:00:00', '0000-00-00 00:00:00'),
(885, 'La Tebaida', '', 24, '0000-00-00 00:00:00', '0000-00-00 00:00:00'),
(886, 'Montenegro', '', 24, '0000-00-00 00:00:00', '0000-00-00 00:00:00'),
(887, 'Pijao', '', 24, '0000-00-00 00:00:00', '0000-00-00 00:00:00'),
(888, 'Quimbaya', '', 24, '0000-00-00 00:00:00', '0000-00-00 00:00:00'),
(889, 'Salento', '', 24, '0000-00-00 00:00:00', '0000-00-00 00:00:00'),
(890, 'Apia', '', 25, '0000-00-00 00:00:00', '0000-00-00 00:00:00'),
(891, 'Balboa', '', 25, '0000-00-00 00:00:00', '0000-00-00 00:00:00'),
(892, 'Belen De Umbria', '', 25, '0000-00-00 00:00:00', '0000-00-00 00:00:00'),
(893, 'Dosquebradas', '', 25, '0000-00-00 00:00:00', '0000-00-00 00:00:00'),
(894, 'Guatica', '', 25, '0000-00-00 00:00:00', '0000-00-00 00:00:00'),
(895, 'La Celia', '', 25, '0000-00-00 00:00:00', '0000-00-00 00:00:00'),
(896, 'La Virginia', '', 25, '0000-00-00 00:00:00', '0000-00-00 00:00:00'),
(897, 'Marsella', '', 25, '0000-00-00 00:00:00', '0000-00-00 00:00:00'),
(898, 'Mistrato', '', 25, '0000-00-00 00:00:00', '0000-00-00 00:00:00'),
(899, 'Pereira', '', 25, '0000-00-00 00:00:00', '0000-00-00 00:00:00'),
(900, 'Pueblo Rico', '', 25, '0000-00-00 00:00:00', '0000-00-00 00:00:00'),
(901, 'Quinchia', '', 25, '0000-00-00 00:00:00', '0000-00-00 00:00:00'),
(902, 'Santa Rosa De Cabal', '', 25, '0000-00-00 00:00:00', '0000-00-00 00:00:00'),
(903, 'Santuario', '', 25, '0000-00-00 00:00:00', '0000-00-00 00:00:00'),
(904, 'Providencia Y Santa Catalina', '', 26, '0000-00-00 00:00:00', '0000-00-00 00:00:00'),
(905, 'San Andres', '', 26, '0000-00-00 00:00:00', '0000-00-00 00:00:00'),
(906, 'Aguada', '', 27, '0000-00-00 00:00:00', '0000-00-00 00:00:00'),
(907, 'Albania', '', 27, '0000-00-00 00:00:00', '0000-00-00 00:00:00'),
(908, 'Aratoca', '', 27, '0000-00-00 00:00:00', '0000-00-00 00:00:00'),
(909, 'Barbosa', '', 27, '0000-00-00 00:00:00', '0000-00-00 00:00:00'),
(910, 'Barichara', '', 27, '0000-00-00 00:00:00', '0000-00-00 00:00:00'),
(911, 'Barrancabermeja', '', 27, '0000-00-00 00:00:00', '0000-00-00 00:00:00'),
(912, 'Betulia', '', 27, '0000-00-00 00:00:00', '0000-00-00 00:00:00'),
(913, 'Bolivar', '', 27, '0000-00-00 00:00:00', '0000-00-00 00:00:00'),
(914, 'Bucaramanga', '', 27, '0000-00-00 00:00:00', '0000-00-00 00:00:00'),
(915, 'Cabrera', '', 27, '0000-00-00 00:00:00', '0000-00-00 00:00:00'),
(916, 'California', '', 27, '0000-00-00 00:00:00', '0000-00-00 00:00:00'),
(917, 'Capitanejo', '', 27, '0000-00-00 00:00:00', '0000-00-00 00:00:00'),
(918, 'Carcasi', '', 27, '0000-00-00 00:00:00', '0000-00-00 00:00:00'),
(919, 'Cepita', '', 27, '0000-00-00 00:00:00', '0000-00-00 00:00:00'),
(920, 'Cerrito', '', 27, '0000-00-00 00:00:00', '0000-00-00 00:00:00'),
(921, 'Charala', '', 27, '0000-00-00 00:00:00', '0000-00-00 00:00:00'),
(922, 'Charta', '', 27, '0000-00-00 00:00:00', '0000-00-00 00:00:00'),
(923, 'Chima', '', 27, '0000-00-00 00:00:00', '0000-00-00 00:00:00'),
(924, 'Chipata', '', 27, '0000-00-00 00:00:00', '0000-00-00 00:00:00'),
(925, 'Cimitarra', '', 27, '0000-00-00 00:00:00', '0000-00-00 00:00:00'),
(926, 'Concepcion', '', 27, '0000-00-00 00:00:00', '0000-00-00 00:00:00'),
(927, 'Confines', '', 27, '0000-00-00 00:00:00', '0000-00-00 00:00:00'),
(928, 'Contratacion', '', 27, '0000-00-00 00:00:00', '0000-00-00 00:00:00'),
(929, 'Coromoro', '', 27, '0000-00-00 00:00:00', '0000-00-00 00:00:00'),
(930, 'Curiti', '', 27, '0000-00-00 00:00:00', '0000-00-00 00:00:00'),
(931, 'El Carmen', '', 27, '0000-00-00 00:00:00', '0000-00-00 00:00:00'),
(932, 'El Guacamayo', '', 27, '0000-00-00 00:00:00', '0000-00-00 00:00:00'),
(933, 'El Penon', '', 27, '0000-00-00 00:00:00', '0000-00-00 00:00:00'),
(934, 'El Playon', '', 27, '0000-00-00 00:00:00', '0000-00-00 00:00:00'),
(935, 'Encino', '', 27, '0000-00-00 00:00:00', '0000-00-00 00:00:00'),
(936, 'Enciso', '', 27, '0000-00-00 00:00:00', '0000-00-00 00:00:00'),
(937, 'Florian', '', 27, '0000-00-00 00:00:00', '0000-00-00 00:00:00'),
(938, 'Floridablanca', '', 27, '0000-00-00 00:00:00', '0000-00-00 00:00:00'),
(939, 'Galan', '', 27, '0000-00-00 00:00:00', '0000-00-00 00:00:00'),
(940, 'Gambita', '', 27, '0000-00-00 00:00:00', '0000-00-00 00:00:00'),
(941, 'Giron', '', 27, '0000-00-00 00:00:00', '0000-00-00 00:00:00'),
(942, 'Guaca', '', 27, '0000-00-00 00:00:00', '0000-00-00 00:00:00'),
(943, 'Guadalupe', '', 27, '0000-00-00 00:00:00', '0000-00-00 00:00:00'),
(944, 'Guapota', '', 27, '0000-00-00 00:00:00', '0000-00-00 00:00:00'),
(945, 'Guavata', '', 27, '0000-00-00 00:00:00', '0000-00-00 00:00:00'),
(946, 'G&uuml;epsa', '', 27, '0000-00-00 00:00:00', '0000-00-00 00:00:00'),
(947, 'Hato', '', 27, '0000-00-00 00:00:00', '0000-00-00 00:00:00'),
(948, 'Jesus Maria', '', 27, '0000-00-00 00:00:00', '0000-00-00 00:00:00'),
(949, 'Jordan', '', 27, '0000-00-00 00:00:00', '0000-00-00 00:00:00'),
(950, 'La Belleza', '', 27, '0000-00-00 00:00:00', '0000-00-00 00:00:00'),
(951, 'La Paz', '', 27, '0000-00-00 00:00:00', '0000-00-00 00:00:00'),
(952, 'Landazuri', '', 27, '0000-00-00 00:00:00', '0000-00-00 00:00:00'),
(953, 'Lebrija', '', 27, '0000-00-00 00:00:00', '0000-00-00 00:00:00'),
(954, 'Los Santos', '', 27, '0000-00-00 00:00:00', '0000-00-00 00:00:00'),
(955, 'Macaravita', '', 27, '0000-00-00 00:00:00', '0000-00-00 00:00:00'),
(956, 'Malaga', '', 27, '0000-00-00 00:00:00', '0000-00-00 00:00:00'),
(957, 'Matanza', '', 27, '0000-00-00 00:00:00', '0000-00-00 00:00:00'),
(958, 'Mogotes', '', 27, '0000-00-00 00:00:00', '0000-00-00 00:00:00'),
(959, 'Molagavita', '', 27, '0000-00-00 00:00:00', '0000-00-00 00:00:00'),
(960, 'Ocamonte', '', 27, '0000-00-00 00:00:00', '0000-00-00 00:00:00'),
(961, 'Oiba', '', 27, '0000-00-00 00:00:00', '0000-00-00 00:00:00'),
(962, 'Onzaga', '', 27, '0000-00-00 00:00:00', '0000-00-00 00:00:00'),
(963, 'Palmar', '', 27, '0000-00-00 00:00:00', '0000-00-00 00:00:00'),
(964, 'Palmas Del Socorro', '', 27, '0000-00-00 00:00:00', '0000-00-00 00:00:00'),
(965, 'Paramo', '', 27, '0000-00-00 00:00:00', '0000-00-00 00:00:00'),
(966, 'Piedecuesta', '', 27, '0000-00-00 00:00:00', '0000-00-00 00:00:00'),
(967, 'Pinchote', '', 27, '0000-00-00 00:00:00', '0000-00-00 00:00:00'),
(968, 'Puente Nacional', '', 27, '0000-00-00 00:00:00', '0000-00-00 00:00:00'),
(969, 'Puerto Parra', '', 27, '0000-00-00 00:00:00', '0000-00-00 00:00:00'),
(970, 'Puerto Wilches', '', 27, '0000-00-00 00:00:00', '0000-00-00 00:00:00'),
(971, 'Rionegro', '', 27, '0000-00-00 00:00:00', '0000-00-00 00:00:00'),
(972, 'Sabana De Torres', '', 27, '0000-00-00 00:00:00', '0000-00-00 00:00:00'),
(973, 'San Andres', '', 27, '0000-00-00 00:00:00', '0000-00-00 00:00:00'),
(974, 'San Benito', '', 27, '0000-00-00 00:00:00', '0000-00-00 00:00:00'),
(975, 'San Gil', '', 27, '0000-00-00 00:00:00', '0000-00-00 00:00:00'),
(976, 'San Joaquin', '', 27, '0000-00-00 00:00:00', '0000-00-00 00:00:00'),
(977, 'San Jose De Miranda', '', 27, '0000-00-00 00:00:00', '0000-00-00 00:00:00'),
(978, 'San Miguel', '', 27, '0000-00-00 00:00:00', '0000-00-00 00:00:00'),
(979, 'San Vicente De Chucuri', '', 27, '0000-00-00 00:00:00', '0000-00-00 00:00:00'),
(980, 'Santa Barbara', '', 27, '0000-00-00 00:00:00', '0000-00-00 00:00:00'),
(981, 'Santa Helena Del Opon', '', 27, '0000-00-00 00:00:00', '0000-00-00 00:00:00'),
(982, 'Simacota', '', 27, '0000-00-00 00:00:00', '0000-00-00 00:00:00'),
(983, 'Socorro', '', 27, '0000-00-00 00:00:00', '0000-00-00 00:00:00'),
(984, 'Suaita', '', 27, '0000-00-00 00:00:00', '0000-00-00 00:00:00'),
(985, 'Sucre', '', 27, '0000-00-00 00:00:00', '0000-00-00 00:00:00'),
(986, 'Surata', '', 27, '0000-00-00 00:00:00', '0000-00-00 00:00:00'),
(987, 'Tona', '', 27, '0000-00-00 00:00:00', '0000-00-00 00:00:00'),
(988, 'Valle De San Jose', '', 27, '0000-00-00 00:00:00', '0000-00-00 00:00:00'),
(989, 'Velez', '', 27, '0000-00-00 00:00:00', '0000-00-00 00:00:00'),
(990, 'Vetas', '', 27, '0000-00-00 00:00:00', '0000-00-00 00:00:00'),
(991, 'Villanueva', '', 27, '0000-00-00 00:00:00', '0000-00-00 00:00:00'),
(992, 'Zapatoca', '', 27, '0000-00-00 00:00:00', '0000-00-00 00:00:00'),
(993, 'Buenavista', '', 28, '0000-00-00 00:00:00', '0000-00-00 00:00:00'),
(994, 'Caimito', '', 28, '0000-00-00 00:00:00', '0000-00-00 00:00:00'),
(995, 'Chalan', '', 28, '0000-00-00 00:00:00', '0000-00-00 00:00:00'),
(996, 'Coloso', '', 28, '0000-00-00 00:00:00', '0000-00-00 00:00:00'),
(997, 'Corozal', '', 28, '0000-00-00 00:00:00', '0000-00-00 00:00:00'),
(998, 'Covenas', '', 28, '0000-00-00 00:00:00', '0000-00-00 00:00:00'),
(999, 'El Roble', '', 28, '0000-00-00 00:00:00', '0000-00-00 00:00:00'),
(1000, 'Galeras', '', 28, '0000-00-00 00:00:00', '0000-00-00 00:00:00'),
(1001, 'Guaranda', '', 28, '0000-00-00 00:00:00', '0000-00-00 00:00:00'),
(1002, 'La Union', '', 28, '0000-00-00 00:00:00', '0000-00-00 00:00:00'),
(1003, 'Los Palmitos', '', 28, '0000-00-00 00:00:00', '0000-00-00 00:00:00'),
(1004, 'Majagual', '', 28, '0000-00-00 00:00:00', '0000-00-00 00:00:00'),
(1005, 'Morroa', '', 28, '0000-00-00 00:00:00', '0000-00-00 00:00:00'),
(1006, 'Ovejas', '', 28, '0000-00-00 00:00:00', '0000-00-00 00:00:00'),
(1007, 'Palmito', '', 28, '0000-00-00 00:00:00', '0000-00-00 00:00:00'),
(1008, 'Sampues', '', 28, '0000-00-00 00:00:00', '0000-00-00 00:00:00'),
(1009, 'San Benito Abad', '', 28, '0000-00-00 00:00:00', '0000-00-00 00:00:00'),
(1010, 'San Juan De Betulia', '', 28, '0000-00-00 00:00:00', '0000-00-00 00:00:00'),
(1011, 'San Marcos', '', 28, '0000-00-00 00:00:00', '0000-00-00 00:00:00'),
(1012, 'San Onofre', '', 28, '0000-00-00 00:00:00', '0000-00-00 00:00:00'),
(1013, 'San Pedro', '', 28, '0000-00-00 00:00:00', '0000-00-00 00:00:00'),
(1014, 'Since', '', 28, '0000-00-00 00:00:00', '0000-00-00 00:00:00'),
(1015, 'Sincelejo', '', 28, '0000-00-00 00:00:00', '0000-00-00 00:00:00'),
(1016, 'Sucre', '', 28, '0000-00-00 00:00:00', '0000-00-00 00:00:00'),
(1017, 'Tolu', '', 28, '0000-00-00 00:00:00', '0000-00-00 00:00:00'),
(1018, 'Toluviejo', '', 28, '0000-00-00 00:00:00', '0000-00-00 00:00:00'),
(1019, 'Alpujarra', '', 29, '0000-00-00 00:00:00', '0000-00-00 00:00:00'),
(1020, 'Alvarado', '', 29, '0000-00-00 00:00:00', '0000-00-00 00:00:00'),
(1021, 'Ambalema', '', 29, '0000-00-00 00:00:00', '0000-00-00 00:00:00'),
(1022, 'Anzoategui', '', 29, '0000-00-00 00:00:00', '0000-00-00 00:00:00'),
(1023, 'Armero', '', 29, '0000-00-00 00:00:00', '0000-00-00 00:00:00'),
(1024, 'Ataco', '', 29, '0000-00-00 00:00:00', '0000-00-00 00:00:00'),
(1025, 'Cajamarca', '', 29, '0000-00-00 00:00:00', '0000-00-00 00:00:00'),
(1026, 'Carmen De Apicala', '', 29, '0000-00-00 00:00:00', '0000-00-00 00:00:00'),
(1027, 'Casabianca', '', 29, '0000-00-00 00:00:00', '0000-00-00 00:00:00'),
(1028, 'Chaparral', '', 29, '0000-00-00 00:00:00', '0000-00-00 00:00:00'),
(1029, 'Coello', '', 29, '0000-00-00 00:00:00', '0000-00-00 00:00:00'),
(1030, 'Coyaima', '', 29, '0000-00-00 00:00:00', '0000-00-00 00:00:00'),
(1031, 'Cunday', '', 29, '0000-00-00 00:00:00', '0000-00-00 00:00:00'),
(1032, 'Dolores', '', 29, '0000-00-00 00:00:00', '0000-00-00 00:00:00'),
(1033, 'Espinal', '', 29, '0000-00-00 00:00:00', '0000-00-00 00:00:00'),
(1034, 'Falan', '', 29, '0000-00-00 00:00:00', '0000-00-00 00:00:00'),
(1035, 'Flandes', '', 29, '0000-00-00 00:00:00', '0000-00-00 00:00:00'),
(1036, 'Fresno', '', 29, '0000-00-00 00:00:00', '0000-00-00 00:00:00'),
(1037, 'Guamo', '', 29, '0000-00-00 00:00:00', '0000-00-00 00:00:00'),
(1038, 'Herveo', '', 29, '0000-00-00 00:00:00', '0000-00-00 00:00:00'),
(1039, 'Honda', '', 29, '0000-00-00 00:00:00', '0000-00-00 00:00:00'),
(1040, 'Ibague', '', 29, '0000-00-00 00:00:00', '0000-00-00 00:00:00'),
(1041, 'Icononzo', '', 29, '0000-00-00 00:00:00', '0000-00-00 00:00:00'),
(1042, 'Lerida', '', 29, '0000-00-00 00:00:00', '0000-00-00 00:00:00'),
(1043, 'Libano', '', 29, '0000-00-00 00:00:00', '0000-00-00 00:00:00'),
(1044, 'Mariquita', '', 29, '0000-00-00 00:00:00', '0000-00-00 00:00:00'),
(1045, 'Melgar', '', 29, '0000-00-00 00:00:00', '0000-00-00 00:00:00'),
(1046, 'Murillo', '', 29, '0000-00-00 00:00:00', '0000-00-00 00:00:00'),
(1047, 'Natagaima', '', 29, '0000-00-00 00:00:00', '0000-00-00 00:00:00'),
(1048, 'Ortega', '', 29, '0000-00-00 00:00:00', '0000-00-00 00:00:00'),
(1049, 'Palocabildo', '', 29, '0000-00-00 00:00:00', '0000-00-00 00:00:00'),
(1050, 'Piedras', '', 29, '0000-00-00 00:00:00', '0000-00-00 00:00:00'),
(1051, 'Planadas', '', 29, '0000-00-00 00:00:00', '0000-00-00 00:00:00'),
(1052, 'Prado', '', 29, '0000-00-00 00:00:00', '0000-00-00 00:00:00'),
(1053, 'Purificacion', '', 29, '0000-00-00 00:00:00', '0000-00-00 00:00:00'),
(1054, 'Rioblanco', '', 29, '0000-00-00 00:00:00', '0000-00-00 00:00:00'),
(1055, 'Roncesvalles', '', 29, '0000-00-00 00:00:00', '0000-00-00 00:00:00'),
(1056, 'Rovira', '', 29, '0000-00-00 00:00:00', '0000-00-00 00:00:00'),
(1057, 'Saldana', '', 29, '0000-00-00 00:00:00', '0000-00-00 00:00:00'),
(1058, 'San Antonio', '', 29, '0000-00-00 00:00:00', '0000-00-00 00:00:00'),
(1059, 'San Luis', '', 29, '0000-00-00 00:00:00', '0000-00-00 00:00:00'),
(1060, 'Santa Isabel', '', 29, '0000-00-00 00:00:00', '0000-00-00 00:00:00'),
(1061, 'Suarez', '', 29, '0000-00-00 00:00:00', '0000-00-00 00:00:00'),
(1062, 'Valle De San Juan', '', 29, '0000-00-00 00:00:00', '0000-00-00 00:00:00'),
(1063, 'Venadillo', '', 29, '0000-00-00 00:00:00', '0000-00-00 00:00:00'),
(1064, 'Villahermosa', '', 29, '0000-00-00 00:00:00', '0000-00-00 00:00:00'),
(1065, 'Villarrica', '', 29, '0000-00-00 00:00:00', '0000-00-00 00:00:00'),
(1066, 'Alcala', '', 30, '0000-00-00 00:00:00', '0000-00-00 00:00:00'),
(1067, 'Andalucia', '', 30, '0000-00-00 00:00:00', '0000-00-00 00:00:00'),
(1068, 'Ansermanuevo', '', 30, '0000-00-00 00:00:00', '0000-00-00 00:00:00'),
(1069, 'Argelia', '', 30, '0000-00-00 00:00:00', '0000-00-00 00:00:00'),
(1070, 'Bolivar', '', 30, '0000-00-00 00:00:00', '0000-00-00 00:00:00'),
(1071, 'Buenaventura', '', 30, '0000-00-00 00:00:00', '0000-00-00 00:00:00'),
(1072, 'Buga', '', 30, '0000-00-00 00:00:00', '0000-00-00 00:00:00'),
(1073, 'Bugalagrande', '', 30, '0000-00-00 00:00:00', '0000-00-00 00:00:00'),
(1074, 'Caicedonia', '', 30, '0000-00-00 00:00:00', '0000-00-00 00:00:00'),
(1075, 'Cali', '', 30, '0000-00-00 00:00:00', '0000-00-00 00:00:00'),
(1076, 'Calima', '', 30, '0000-00-00 00:00:00', '0000-00-00 00:00:00'),
(1077, 'Candelaria', '', 30, '0000-00-00 00:00:00', '0000-00-00 00:00:00'),
(1078, 'Cartago', '', 30, '0000-00-00 00:00:00', '0000-00-00 00:00:00'),
(1079, 'Dagua', '', 30, '0000-00-00 00:00:00', '0000-00-00 00:00:00'),
(1080, 'El Aguila', '', 30, '0000-00-00 00:00:00', '0000-00-00 00:00:00'),
(1081, 'El Cairo', '', 30, '0000-00-00 00:00:00', '0000-00-00 00:00:00'),
(1082, 'El Cerrito', '', 30, '0000-00-00 00:00:00', '0000-00-00 00:00:00'),
(1083, 'El Dovio', '', 30, '0000-00-00 00:00:00', '0000-00-00 00:00:00'),
(1084, 'Florida', '', 30, '0000-00-00 00:00:00', '0000-00-00 00:00:00'),
(1085, 'Ginebra', '', 30, '0000-00-00 00:00:00', '0000-00-00 00:00:00'),
(1086, 'Guacari', '', 30, '0000-00-00 00:00:00', '0000-00-00 00:00:00'),
(1087, 'Jamundi', '', 30, '0000-00-00 00:00:00', '0000-00-00 00:00:00'),
(1088, 'La Cumbre', '', 30, '0000-00-00 00:00:00', '0000-00-00 00:00:00'),
(1089, 'La Union', '', 30, '0000-00-00 00:00:00', '0000-00-00 00:00:00'),
(1090, 'La Victoria', '', 30, '0000-00-00 00:00:00', '0000-00-00 00:00:00'),
(1091, 'Obando', '', 30, '0000-00-00 00:00:00', '0000-00-00 00:00:00'),
(1092, 'Palmira', '', 30, '0000-00-00 00:00:00', '0000-00-00 00:00:00'),
(1093, 'Pradera', '', 30, '0000-00-00 00:00:00', '0000-00-00 00:00:00'),
(1094, 'Restrepo', '', 30, '0000-00-00 00:00:00', '0000-00-00 00:00:00'),
(1095, 'Riofrio', '', 30, '0000-00-00 00:00:00', '0000-00-00 00:00:00'),
(1096, 'Roldanillo', '', 30, '0000-00-00 00:00:00', '0000-00-00 00:00:00'),
(1097, 'San Pedro', '', 30, '0000-00-00 00:00:00', '0000-00-00 00:00:00'),
(1098, 'Sevilla', '', 30, '0000-00-00 00:00:00', '0000-00-00 00:00:00'),
(1099, 'Toro', '', 30, '0000-00-00 00:00:00', '0000-00-00 00:00:00'),
(1100, 'Trujillo', '', 30, '0000-00-00 00:00:00', '0000-00-00 00:00:00'),
(1101, 'Tulua', '', 30, '0000-00-00 00:00:00', '0000-00-00 00:00:00'),
(1102, 'Ulloa', '', 30, '0000-00-00 00:00:00', '0000-00-00 00:00:00'),
(1103, 'Versalles', '', 30, '0000-00-00 00:00:00', '0000-00-00 00:00:00'),
(1104, 'Vijes', '', 30, '0000-00-00 00:00:00', '0000-00-00 00:00:00'),
(1105, 'Yotoco', '', 30, '0000-00-00 00:00:00', '0000-00-00 00:00:00'),
(1106, 'Yumbo', '', 30, '0000-00-00 00:00:00', '0000-00-00 00:00:00'),
(1107, 'Zarzal', '', 30, '0000-00-00 00:00:00', '0000-00-00 00:00:00'),
(1108, 'Caruru', '', 31, '0000-00-00 00:00:00', '0000-00-00 00:00:00'),
(1109, 'Mitu', '', 31, '0000-00-00 00:00:00', '0000-00-00 00:00:00'),
(1110, 'Pacoa', '', 31, '0000-00-00 00:00:00', '0000-00-00 00:00:00'),
(1111, 'Papunaua', '', 31, '0000-00-00 00:00:00', '0000-00-00 00:00:00'),
(1112, 'Taraira', '', 31, '0000-00-00 00:00:00', '0000-00-00 00:00:00'),
(1113, 'Yavarate', '', 31, '0000-00-00 00:00:00', '0000-00-00 00:00:00'),
(1114, 'Cumaribo', '', 32, '0000-00-00 00:00:00', '0000-00-00 00:00:00'),
(1115, 'La Primavera', '', 32, '0000-00-00 00:00:00', '0000-00-00 00:00:00'),
(1116, 'Puerto Carreno', '', 32, '0000-00-00 00:00:00', '0000-00-00 00:00:00'),
(1117, 'Santa Rosalia', '', 32, '0000-00-00 00:00:00', '0000-00-00 00:00:00');

-- --------------------------------------------------------

--
-- Estructura de tabla para la tabla `shph_evento`
--

CREATE TABLE IF NOT EXISTS `shph_evento` (
  `id` int(10) unsigned NOT NULL AUTO_INCREMENT,
  `nombre` varchar(255) COLLATE utf8_unicode_ci NOT NULL,
  `descripcion` text COLLATE utf8_unicode_ci NOT NULL,
  `descripcion_corta` varchar(255) COLLATE utf8_unicode_ci NOT NULL,
  `terminos` text COLLATE utf8_unicode_ci NOT NULL,
  `direccion` varchar(255) COLLATE utf8_unicode_ci DEFAULT NULL,
  `lugar` varchar(255) COLLATE utf8_unicode_ci DEFAULT NULL,
  `web` varchar(255) COLLATE utf8_unicode_ci DEFAULT NULL,
  `fecha_inicio` date NOT NULL,
  `fecha_fin` date NOT NULL,
  `hora_inicio` varchar(40) COLLATE utf8_unicode_ci NOT NULL,
  `hora_fin` varchar(40) COLLATE utf8_unicode_ci NOT NULL,
  `precio` int(11) DEFAULT NULL,
  `precio_descuento` int(11) DEFAULT NULL,
  `longitud` varchar(255) COLLATE utf8_unicode_ci NOT NULL,
  `latitud` varchar(255) COLLATE utf8_unicode_ci NOT NULL,
  `id_aliado` int(10) unsigned NOT NULL,
  `id_estado` int(10) unsigned NOT NULL,
  `id_categoria` int(10) unsigned NOT NULL,
  `id_imagen` int(10) unsigned NOT NULL,
  `id_ciudad` int(10) unsigned NOT NULL,
  `created_at` timestamp NOT NULL DEFAULT '0000-00-00 00:00:00',
  `updated_at` timestamp NOT NULL DEFAULT '0000-00-00 00:00:00',
  PRIMARY KEY (`id`),
  KEY `evento_id_aliado_foreign` (`id_aliado`),
  KEY `evento_id_estado_foreign` (`id_estado`),
  KEY `evento_id_categoria_foreign` (`id_categoria`),
  KEY `evento_id_imagen_foreign` (`id_imagen`),
  KEY `evento_id_ciudad_foreign` (`id_ciudad`)
) ENGINE=InnoDB  DEFAULT CHARSET=utf8 COLLATE=utf8_unicode_ci AUTO_INCREMENT=3 ;

--
-- Volcado de datos para la tabla `shph_evento`
--

INSERT INTO `shph_evento` (`id`, `nombre`, `descripcion`, `descripcion_corta`, `terminos`, `direccion`, `lugar`, `web`, `fecha_inicio`, `fecha_fin`, `hora_inicio`, `hora_fin`, `precio`, `precio_descuento`, `longitud`, `latitud`, `id_aliado`, `id_estado`, `id_categoria`, `id_imagen`, `id_ciudad`, `created_at`, `updated_at`) VALUES
(1, 'La puntica no más', 'Lorem ipsum dolor sit amet, consectetur adipisicing elit. Quisquam perferendis laudantium velit asperiores nesciunt a perspiciatis iusto eum, saepe necessitatibus dolorem, est, suscipit voluptate iste ipsam libero quo, vitae repellendus!', 'Lorem ipsum dolor sit amet, consectetur adipisicing elit', 'Lorem ipsum dolor sit amet, consectetur adipisicing elit. Quisquam perferendis laudantium velit asperiores nesciunt a perspiciatis iusto eum, saepe necessitatibus dolorem, est, suscipit voluptate iste ipsam libero quo, vitae repellendus!', 'Calle 1 1 1 1 1', 'Teatro Jorge Isaacs', 'http://reebok.co', '2015-12-10', '2015-12-10', '21:25:0', '22:50:50', 80000, 50000, '-76.527243', '3.466666', 2, 1, 1, 1, 1075, '2015-12-10 05:04:10', '2015-12-10 05:04:10'),
(2, 'Vida de Perros!', 'Lorem ipsum dolor sit amet, consectetur adipisicing elit. Quisquam perferendis laudantium velit asperiores nesciunt a perspiciatis iusto eum, saepe necessitatibus dolorem, est, suscipit voluptate iste ipsam libero quo, vitae repellendus!', 'Lorem ipsum dolor sit amet, consectetur adipisicing elit. Quisquam perferendis laudantium velit asperiores', 'Lorem ipsum dolor sit amet, consectetur adipisicing elit. Quisquam perferendis laudantium velit asperiores nesciunt a perspiciatis iusto eum, saepe necessitatibus dolorem, est, suscipit voluptate iste ipsam libero quo, vitae repellendus!', 'Cll 68 #4n 67', 'Teatro Jorge Isaacs', 'http://reebok.co', '2015-12-10', '2015-12-10', '18:0:0', '21:0:0', 60000, 40000, '-76.540332', '3.428562', 2, 1, 1, 2, 1075, '2015-12-10 05:09:26', '2015-12-10 05:09:26');

-- --------------------------------------------------------

--
-- Estructura de tabla para la tabla `shph_evento_categoria`
--

CREATE TABLE IF NOT EXISTS `shph_evento_categoria` (
  `id` int(10) unsigned NOT NULL AUTO_INCREMENT,
  `nombre` varchar(255) COLLATE utf8_unicode_ci NOT NULL,
  `slug` varchar(255) COLLATE utf8_unicode_ci DEFAULT NULL,
  `color` varchar(255) COLLATE utf8_unicode_ci NOT NULL,
  `posicion` int(11) NOT NULL,
  `descripcion` text COLLATE utf8_unicode_ci NOT NULL,
  `id_imagen` int(10) unsigned NOT NULL,
  `created_at` timestamp NOT NULL DEFAULT '0000-00-00 00:00:00',
  `updated_at` timestamp NOT NULL DEFAULT '0000-00-00 00:00:00',
  PRIMARY KEY (`id`),
  KEY `evento_categoria_id_imagen_foreign` (`id_imagen`)
) ENGINE=InnoDB  DEFAULT CHARSET=utf8 COLLATE=utf8_unicode_ci AUTO_INCREMENT=11 ;

--
-- Volcado de datos para la tabla `shph_evento_categoria`
--

INSERT INTO `shph_evento_categoria` (`id`, `nombre`, `slug`, `color`, `posicion`, `descripcion`, `id_imagen`, `created_at`, `updated_at`) VALUES
(1, 'Teatro', 'teatro', '#000500', 1, 'Categoria ta ta ta', 1, '0000-00-00 00:00:00', '0000-00-00 00:00:00'),
(2, 'Cine', 'cine', '#ea2323', 2, 'Categoria', 1, '0000-00-00 00:00:00', '0000-00-00 00:00:00'),
(4, 'Arte', 'arte', '#f3d429', 3, 'Categoria', 1, '0000-00-00 00:00:00', '0000-00-00 00:00:00'),
(5, 'Capacitaciones', 'capacitaciones', '#61bc47', 4, 'Categoria', 1, '0000-00-00 00:00:00', '0000-00-00 00:00:00'),
(6, 'Restaurantes', 'restaurantes', '#009073', 5, 'Categoria', 1, '0000-00-00 00:00:00', '0000-00-00 00:00:00'),
(7, 'Rumba', 'rumba', '#c6005d', 6, 'Categoria', 1, '0000-00-00 00:00:00', '0000-00-00 00:00:00'),
(8, 'Comedia', 'comedia', '#000500', 7, 'Categoria', 1, '0000-00-00 00:00:00', '0000-00-00 00:00:00'),
(9, 'Festivales', 'festivales', '#000500', 8, 'Categoria', 1, '0000-00-00 00:00:00', '0000-00-00 00:00:00'),
(10, 'Niños', 'ninos', '#000500', 9, 'Categoria', 1, '0000-00-00 00:00:00', '0000-00-00 00:00:00');

-- --------------------------------------------------------

--
-- Estructura de tabla para la tabla `shph_evento_categoria_imagen`
--

CREATE TABLE IF NOT EXISTS `shph_evento_categoria_imagen` (
  `id` int(10) unsigned NOT NULL AUTO_INCREMENT,
  `nombre` varchar(255) COLLATE utf8_unicode_ci NOT NULL,
  `url` varchar(255) COLLATE utf8_unicode_ci NOT NULL,
  `created_at` timestamp NOT NULL DEFAULT '0000-00-00 00:00:00',
  `updated_at` timestamp NOT NULL DEFAULT '0000-00-00 00:00:00',
  PRIMARY KEY (`id`)
) ENGINE=InnoDB  DEFAULT CHARSET=utf8 COLLATE=utf8_unicode_ci AUTO_INCREMENT=2 ;

--
-- Volcado de datos para la tabla `shph_evento_categoria_imagen`
--

INSERT INTO `shph_evento_categoria_imagen` (`id`, `nombre`, `url`, `created_at`, `updated_at`) VALUES
(1, 'asfwerwerqwer234.jpg', 'asdasdasdfasfasfw', '0000-00-00 00:00:00', '0000-00-00 00:00:00');

-- --------------------------------------------------------

--
-- Estructura de tabla para la tabla `shph_evento_comentario`
--

CREATE TABLE IF NOT EXISTS `shph_evento_comentario` (
  `id` int(10) unsigned NOT NULL AUTO_INCREMENT,
  `nombre` varchar(255) COLLATE utf8_unicode_ci NOT NULL,
  `mensaje` text COLLATE utf8_unicode_ci NOT NULL,
  `calificacion` int(11) NOT NULL,
  `id_evento` int(10) unsigned NOT NULL,
  `id_usuario` int(10) unsigned NOT NULL,
  `created_at` timestamp NOT NULL DEFAULT '0000-00-00 00:00:00',
  `updated_at` timestamp NOT NULL DEFAULT '0000-00-00 00:00:00',
  PRIMARY KEY (`id`),
  KEY `evento_comentario_id_evento_foreign` (`id_evento`),
  KEY `evento_comentario_id_usuario_foreign` (`id_usuario`)
) ENGINE=InnoDB  DEFAULT CHARSET=utf8 COLLATE=utf8_unicode_ci AUTO_INCREMENT=4 ;

--
-- Volcado de datos para la tabla `shph_evento_comentario`
--

INSERT INTO `shph_evento_comentario` (`id`, `nombre`, `mensaje`, `calificacion`, `id_evento`, `id_usuario`, `created_at`, `updated_at`) VALUES
(1, '', 'Hola, me parece super este evento', 5, 1, 2, '2015-12-10 06:21:31', '2015-12-10 06:21:31'),
(2, '', 'Que buen descuento', 3, 1, 2, '2015-12-10 06:25:07', '2015-12-10 06:25:07'),
(3, '', 'Hola, me gusta su web', 2, 2, 2, '2015-12-10 06:25:42', '2015-12-10 06:25:42');

-- --------------------------------------------------------

--
-- Estructura de tabla para la tabla `shph_evento_estado`
--

CREATE TABLE IF NOT EXISTS `shph_evento_estado` (
  `id` int(10) unsigned NOT NULL AUTO_INCREMENT,
  `nombre` varchar(255) COLLATE utf8_unicode_ci NOT NULL,
  `descripcion` varchar(255) COLLATE utf8_unicode_ci NOT NULL,
  `created_at` timestamp NOT NULL DEFAULT '0000-00-00 00:00:00',
  `updated_at` timestamp NOT NULL DEFAULT '0000-00-00 00:00:00',
  PRIMARY KEY (`id`)
) ENGINE=InnoDB  DEFAULT CHARSET=utf8 COLLATE=utf8_unicode_ci AUTO_INCREMENT=3 ;

--
-- Volcado de datos para la tabla `shph_evento_estado`
--

INSERT INTO `shph_evento_estado` (`id`, `nombre`, `descripcion`, `created_at`, `updated_at`) VALUES
(1, 'Activo', '', '0000-00-00 00:00:00', '0000-00-00 00:00:00'),
(2, 'Inactivo', '', '0000-00-00 00:00:00', '0000-00-00 00:00:00');

-- --------------------------------------------------------

--
-- Estructura de tabla para la tabla `shph_evento_imagen`
--

CREATE TABLE IF NOT EXISTS `shph_evento_imagen` (
  `id` int(10) unsigned NOT NULL AUTO_INCREMENT,
  `nombre` varchar(255) COLLATE utf8_unicode_ci NOT NULL,
  `url` varchar(255) COLLATE utf8_unicode_ci NOT NULL,
  `created_at` timestamp NOT NULL DEFAULT '0000-00-00 00:00:00',
  `updated_at` timestamp NOT NULL DEFAULT '0000-00-00 00:00:00',
  PRIMARY KEY (`id`)
) ENGINE=InnoDB  DEFAULT CHARSET=utf8 COLLATE=utf8_unicode_ci AUTO_INCREMENT=3 ;

--
-- Volcado de datos para la tabla `shph_evento_imagen`
--

INSERT INTO `shph_evento_imagen` (`id`, `nombre`, `url`, `created_at`, `updated_at`) VALUES
(1, 'la-puntica-no-mas-DtKrq.jpg', 'http://localhost/shph/public/front/img/eventos/la-puntica-no-mas-DtKrq.jpg', '2015-12-10 05:04:10', '2015-12-10 05:04:10'),
(2, 'vida-de-perros-8No2c.jpg', 'http://localhost/shph/public/front/img/eventos/vida-de-perros-8No2c.jpg', '2015-12-10 05:09:26', '2015-12-10 05:09:26');

-- --------------------------------------------------------

--
-- Estructura de tabla para la tabla `shph_migrations`
--

CREATE TABLE IF NOT EXISTS `shph_migrations` (
  `migration` varchar(255) COLLATE utf8_unicode_ci NOT NULL,
  `batch` int(11) NOT NULL
) ENGINE=InnoDB DEFAULT CHARSET=utf8 COLLATE=utf8_unicode_ci;

--
-- Volcado de datos para la tabla `shph_migrations`
--

INSERT INTO `shph_migrations` (`migration`, `batch`) VALUES
('2014_10_12_100000_create_password_resets_table', 1),
('2015_11_24_164410_create_ciudad_table', 1),
('2015_11_24_164432_create_usuario_table', 1),
('2015_11_25_093724_create_aliado_table', 1),
('2015_12_02_114227_create_evento_table', 1),
('2015_12_03_101754_create_combo_table', 1),
('2015_12_16_002645_create_categoria_slug_field', 2),
('2015_12_16_004403_create_video_table', 3);

-- --------------------------------------------------------

--
-- Estructura de tabla para la tabla `shph_password_resets`
--

CREATE TABLE IF NOT EXISTS `shph_password_resets` (
  `email` varchar(255) COLLATE utf8_unicode_ci NOT NULL,
  `token` varchar(255) COLLATE utf8_unicode_ci NOT NULL,
  `created_at` timestamp NOT NULL DEFAULT '0000-00-00 00:00:00',
  KEY `password_resets_email_index` (`email`),
  KEY `password_resets_token_index` (`token`)
) ENGINE=InnoDB DEFAULT CHARSET=utf8 COLLATE=utf8_unicode_ci;

-- --------------------------------------------------------

--
-- Estructura de tabla para la tabla `shph_usuario`
--

CREATE TABLE IF NOT EXISTS `shph_usuario` (
  `id` int(10) unsigned NOT NULL AUTO_INCREMENT,
  `correo` varchar(255) COLLATE utf8_unicode_ci NOT NULL,
  `password` varchar(255) COLLATE utf8_unicode_ci NOT NULL,
  `tipo` enum('user','admin') COLLATE utf8_unicode_ci NOT NULL,
  `estado` enum('activo','inactivo') COLLATE utf8_unicode_ci NOT NULL,
  `remember_token` varchar(100) COLLATE utf8_unicode_ci DEFAULT NULL,
  `created_at` timestamp NOT NULL DEFAULT '0000-00-00 00:00:00',
  `updated_at` timestamp NOT NULL DEFAULT '0000-00-00 00:00:00',
  PRIMARY KEY (`id`),
  UNIQUE KEY `usuario_correo_unique` (`correo`)
) ENGINE=InnoDB  DEFAULT CHARSET=utf8 COLLATE=utf8_unicode_ci AUTO_INCREMENT=3 ;

--
-- Volcado de datos para la tabla `shph_usuario`
--

INSERT INTO `shph_usuario` (`id`, `correo`, `password`, `tipo`, `estado`, `remember_token`, `created_at`, `updated_at`) VALUES
(1, 'stiven.castillo@creardigital.com', '$2y$10$EVMBqHW7PqFgWjhH54x1d.K9pNPpTfsYHAlLorBrATgHMNJ4LXrqa', 'admin', 'activo', 'LdhU7l79YqclKZAKxh2rDzyvmEiM9AEgbbL1ddHw9pHzVF4sICk4cYe2fKAo', '0000-00-00 00:00:00', '2015-12-16 05:04:49'),
(2, 'stivencastillo.90@gmail.com', '$2y$10$YQyJnvEYoKq02iYRKsH7LujobiCV0mjP7BjD.LyvCWxdI0CxIrJKS', 'user', 'activo', 'GNhRFRAYLQDY1nDUnjUENur6wdbwfLbfclimxuMPGc8XawavCkyt0vCjMO35', '0000-00-00 00:00:00', '2015-12-10 06:29:45');

-- --------------------------------------------------------

--
-- Estructura de tabla para la tabla `shph_usuario_oauth`
--

CREATE TABLE IF NOT EXISTS `shph_usuario_oauth` (
  `id` int(10) unsigned NOT NULL AUTO_INCREMENT,
  `provider` enum('facebook','twitter') COLLATE utf8_unicode_ci NOT NULL,
  `provider_id` varchar(255) COLLATE utf8_unicode_ci NOT NULL,
  `id_usuario` int(10) unsigned NOT NULL,
  `created_at` timestamp NOT NULL DEFAULT '0000-00-00 00:00:00',
  `updated_at` timestamp NOT NULL DEFAULT '0000-00-00 00:00:00',
  PRIMARY KEY (`id`),
  KEY `usuario_oauth_id_usuario_foreign` (`id_usuario`)
) ENGINE=InnoDB DEFAULT CHARSET=utf8 COLLATE=utf8_unicode_ci AUTO_INCREMENT=1 ;

-- --------------------------------------------------------

--
-- Estructura de tabla para la tabla `shph_usuario_perfil`
--

CREATE TABLE IF NOT EXISTS `shph_usuario_perfil` (
  `id` int(10) unsigned NOT NULL AUTO_INCREMENT,
  `nombres` varchar(255) COLLATE utf8_unicode_ci NOT NULL,
  `apellidos` varchar(255) COLLATE utf8_unicode_ci NOT NULL,
  `genero` enum('m','f') COLLATE utf8_unicode_ci NOT NULL,
  `fecha_nacimiento` date NOT NULL,
  `id_usuario` int(10) unsigned NOT NULL,
  `id_ciudad` int(10) unsigned NOT NULL,
  `created_at` timestamp NOT NULL DEFAULT '0000-00-00 00:00:00',
  `updated_at` timestamp NOT NULL DEFAULT '0000-00-00 00:00:00',
  PRIMARY KEY (`id`),
  KEY `usuario_perfil_id_ciudad_foreign` (`id_ciudad`),
  KEY `usuario_perfil_id_usuario_foreign` (`id_usuario`)
) ENGINE=InnoDB  DEFAULT CHARSET=utf8 COLLATE=utf8_unicode_ci AUTO_INCREMENT=3 ;

--
-- Volcado de datos para la tabla `shph_usuario_perfil`
--

INSERT INTO `shph_usuario_perfil` (`id`, `nombres`, `apellidos`, `genero`, `fecha_nacimiento`, `id_usuario`, `id_ciudad`, `created_at`, `updated_at`) VALUES
(1, 'Stiven', 'Castillo Montero', 'm', '1990-10-30', 1, 1, '0000-00-00 00:00:00', '0000-00-00 00:00:00'),
(2, 'Stiven C', 'Castillo', 'm', '1990-10-30', 2, 1, '0000-00-00 00:00:00', '0000-00-00 00:00:00');

--
-- Restricciones para tablas volcadas
--

--
-- Filtros para la tabla `shph_aliado`
--
ALTER TABLE `shph_aliado`
  ADD CONSTRAINT `aliado_id_ciudad_foreign` FOREIGN KEY (`id_ciudad`) REFERENCES `shph_departamento_ciudad` (`id`);

--
-- Filtros para la tabla `shph_aliado_contacto`
--
ALTER TABLE `shph_aliado_contacto`
  ADD CONSTRAINT `aliado_contacto_id_aliado_foreign` FOREIGN KEY (`id_aliado`) REFERENCES `shph_aliado` (`id`) ON DELETE CASCADE;

--
-- Filtros para la tabla `shph_combo_evento_pivot`
--
ALTER TABLE `shph_combo_evento_pivot`
  ADD CONSTRAINT `combo_evento_pivot_id_combo_foreign` FOREIGN KEY (`id_combo`) REFERENCES `shph_combo` (`id`) ON DELETE CASCADE,
  ADD CONSTRAINT `combo_evento_pivot_id_evento_foreign` FOREIGN KEY (`id_evento`) REFERENCES `shph_evento` (`id`);

--
-- Filtros para la tabla `shph_departamento_ciudad`
--
ALTER TABLE `shph_departamento_ciudad`
  ADD CONSTRAINT `departamento_ciudad_id_departamento_foreign` FOREIGN KEY (`id_departamento`) REFERENCES `shph_departamento` (`id`) ON DELETE CASCADE;

--
-- Filtros para la tabla `shph_evento`
--
ALTER TABLE `shph_evento`
  ADD CONSTRAINT `evento_id_aliado_foreign` FOREIGN KEY (`id_aliado`) REFERENCES `shph_aliado` (`id`) ON DELETE CASCADE,
  ADD CONSTRAINT `evento_id_categoria_foreign` FOREIGN KEY (`id_categoria`) REFERENCES `shph_evento_categoria` (`id`),
  ADD CONSTRAINT `evento_id_ciudad_foreign` FOREIGN KEY (`id_ciudad`) REFERENCES `shph_departamento_ciudad` (`id`),
  ADD CONSTRAINT `evento_id_estado_foreign` FOREIGN KEY (`id_estado`) REFERENCES `shph_evento_estado` (`id`),
  ADD CONSTRAINT `evento_id_imagen_foreign` FOREIGN KEY (`id_imagen`) REFERENCES `shph_evento_imagen` (`id`);

--
-- Filtros para la tabla `shph_evento_categoria`
--
ALTER TABLE `shph_evento_categoria`
  ADD CONSTRAINT `evento_categoria_id_imagen_foreign` FOREIGN KEY (`id_imagen`) REFERENCES `shph_evento_categoria_imagen` (`id`);

--
-- Filtros para la tabla `shph_evento_comentario`
--
ALTER TABLE `shph_evento_comentario`
  ADD CONSTRAINT `evento_comentario_id_evento_foreign` FOREIGN KEY (`id_evento`) REFERENCES `shph_evento` (`id`),
  ADD CONSTRAINT `evento_comentario_id_usuario_foreign` FOREIGN KEY (`id_usuario`) REFERENCES `shph_usuario` (`id`) ON DELETE CASCADE;

--
-- Filtros para la tabla `shph_usuario_oauth`
--
ALTER TABLE `shph_usuario_oauth`
  ADD CONSTRAINT `usuario_oauth_id_usuario_foreign` FOREIGN KEY (`id_usuario`) REFERENCES `shph_usuario` (`id`) ON DELETE CASCADE;

--
-- Filtros para la tabla `shph_usuario_perfil`
--
ALTER TABLE `shph_usuario_perfil`
  ADD CONSTRAINT `usuario_perfil_id_ciudad_foreign` FOREIGN KEY (`id_ciudad`) REFERENCES `shph_departamento_ciudad` (`id`) ON DELETE CASCADE,
  ADD CONSTRAINT `usuario_perfil_id_usuario_foreign` FOREIGN KEY (`id_usuario`) REFERENCES `shph_usuario` (`id`) ON DELETE CASCADE;

/*!40101 SET CHARACTER_SET_CLIENT=@OLD_CHARACTER_SET_CLIENT */;
/*!40101 SET CHARACTER_SET_RESULTS=@OLD_CHARACTER_SET_RESULTS */;
/*!40101 SET COLLATION_CONNECTION=@OLD_COLLATION_CONNECTION */;
